ticker,rows,headline_days,date_min,date_max,dev_rows,dev_headline_days
MRK,3299,1600,2009-07-27,2020-06-11,2854,1370
MS,3153,1387,2010-01-20,2020-06-11,2329,1085
MU,3139,1203,2011-04-20,2020-06-10,3021,1147
NVDA,3124,1194,2011-03-03,2020-06-10,2949,1126
M,3046,1291,2009-06-16,2020-06-11,2453,1039
EBAY,3013,1142,2011-10-13,2020-06-10,2908,1095
NFLX,3009,913,2016-08-23,2020-06-10,2749,834
GILD,2952,1333,2009-08-17,2020-06-10,2384,1135
VZ,2935,1308,2012-04-18,2020-06-11,2856,1266
JNJ,2920,1368,2011-06-14,2020-06-11,2754,1299
DAL,2906,1350,2009-08-14,2020-06-10,2214,1087
QCOM,2906,1203,2011-11-03,2020-06-08,2818,1152
BABA,2819,1072,2015-05-11,2020-06-10,2722,1019
QQQ,2772,1102,2011-03-16,2020-06-10,2687,1044
KO,2761,1400,2009-06-22,2020-06-11,2316,1162
ORCL,2681,1036,2011-01-25,2020-06-11,2592,991
FDX,2614,1118,2009-09-13,2020-06-09,2172,916
WFC,2610,1196,2011-12-20,2020-06-11,2425,1121
HD,2590,1207,2009-08-10,2020-06-10,2090,968
BBRY,2569,847,2011-12-01,2020-06-08,2523,820
JCP,2494,862,2012-12-31,2020-06-05,2409,827
BMY,2485,1280,2009-08-14,2020-06-09,2160,1092
AGN,2388,993,2009-08-14,2020-05-14,2273,913
LLY,2369,1203,2009-08-17,2020-06-11,2059,1025
CMG,2364,797,2013-01-21,2020-06-08,2255,747
CAT,2294,1025,2011-08-23,2020-06-08,2200,977
GPRO,2292,740,2014-07-15,2020-06-08,2255,721
TWX,2261,1112,2009-08-25,2019-06-07,2038,987
CHK,2237,1023,2009-09-23,2020-06-11,1814,825
FSLR,2224,917,2011-05-04,2020-05-26,2192,892
P,2210,811,2012-09-07,2019-02-01,2210,811
MCD,2208,938,2013-10-21,2020-06-11,2085,884
NOK,2179,1117,2009-08-10,2020-06-11,1775,889
EA,2156,1010,2009-08-16,2020-06-10,1817,843
EWU,2147,793,2009-09-22,2020-06-10,1930,701
MA,2144,1123,2009-08-07,2020-06-11,1620,894
LMT,2141,1186,2010-04-21,2020-06-11,1827,1023
FCX,2138,1116,2009-08-10,2020-06-09,1520,806
PEP,2113,1090,2009-08-17,2020-06-11,1781,906
GPS,2099,933,2009-08-07,2020-06-11,1714,743
GRPN,2090,808,2011-06-02,2020-06-10,2051,777
XLF,2073,1181,2010-09-21,2020-06-11,1839,1055
TM,2047,1199,2009-08-07,2020-06-09,1529,929
GLD,2029,1193,2012-06-01,2020-06-11,1956,1146
EWP,2026,763,2012-04-18,2020-06-09,2010,748
HAL,1991,941,2009-08-10,2020-06-11,1543,723
LOW,1989,891,2009-08-13,2020-06-11,1649,729
XRT,1989,1116,2009-10-28,2020-06-11,1790,969
ADBE,1979,774,2009-08-17,2020-06-08,1615,604
MYL,1971,966,2009-10-19,2020-06-08,1792,855
AZN,1962,1048,2009-08-17,2020-06-11,1685,900
DISH,1961,974,2009-08-12,2020-06-10,1790,868
ATVI,1941,999,2009-08-25,2020-06-10,1660,844
TSLA,1929,291,2019-07-01,2020-06-10,1245,195
LNKD,1899,767,2011-05-09,2017-08-08,1899,767
BIIB,1898,853,2011-06-21,2020-06-10,1828,816
EWI,1894,985,2009-12-08,2020-05-22,1776,918
BIDU,1886,990,2011-09-23,2020-06-08,1798,949
DB,1884,1064,2009-08-10,2020-06-09,1468,810
MDT,1883,983,2009-08-07,2020-06-11,1555,806
CMCSA,1848,934,2014-04-22,2020-06-10,1746,881
DE,1841,835,2009-08-07,2020-06-09,1511,672
CVS,1834,934,2009-08-13,2020-06-08,1593,788
GOOGL,1824,486,2018-07-25,2020-06-10,1469,406
AXP,1822,968,2009-08-07,2020-06-10,1382,731
WDC,1815,878,2009-11-09,2020-06-09,1628,752
A,1799,480,2009-04-29,2020-06-05,741,352
PFE,1798,802,2016-01-14,2020-06-11,1645,739
BAC,1796,899,2014-10-10,2020-06-10,1628,824
MON,1777,793,2009-08-14,2018-06-07,1467,631
RIG,1773,971,2009-08-18,2020-06-11,1366,760
KSS,1764,831,2009-08-14,2020-06-11,1453,662
KR,1763,854,2009-08-14,2020-06-11,1503,716
NVS,1746,1050,2009-08-13,2020-06-11,1503,897
GMCR,1743,679,2009-05-27,2018-02-06,1558,584
YUM,1741,768,2011-12-05,2020-06-11,1670,727
PCG,1741,629,2009-07-27,2020-06-11,1596,542
GME,1737,765,2009-10-27,2020-06-11,1507,647
JWN,1718,805,2009-08-18,2020-06-11,1440,650
EWJ,1707,1006,2009-10-24,2020-06-08,1553,894
TXN,1692,791,2009-07-27,2020-06-05,1304,607
SLV,1692,845,2009-08-17,2020-05-05,1227,620
VMW,1679,766,2009-08-10,2020-06-11,1377,596
SNY,1672,976,2009-08-18,2020-06-11,1344,809
ZNGA,1671,699,2011-10-13,2020-06-09,1603,669
COP,1665,960,2009-08-10,2020-06-10,1316,746
PCLN,1662,743,2011-01-13,2018-02-28,1629,729
APC,1650,820,2009-08-07,2020-04-09,1319,654
AVGO,1644,720,2010-06-03,2020-06-08,1543,668
YELP,1640,679,2011-11-17,2020-06-11,1609,660
SHLD,1639,809,2009-08-10,2019-05-23,1454,711
BBBY,1634,589,2009-12-01,2020-06-10,1406,484
URBN,1630,614,2009-08-18,2020-06-09,1410,504
DG,1623,696,2009-12-23,2020-06-04,1466,613
EWZ,1615,1010,2009-08-17,2020-06-09,1418,855
STX,1615,793,2009-09-23,2020-06-08,1367,655
CSX,1582,783,2009-07-21,2020-06-05,1315,633
AIG,1580,808,2011-01-12,2020-06-10,1465,740
RAD,1578,722,2009-09-17,2020-06-11,1442,645
CCL,1564,732,2009-08-07,2020-06-10,1212,590
FCAU,1553,731,2014-10-13,2020-06-10,1435,675
GSK,1551,990,2009-08-07,2020-06-08,1285,819
HUM,1547,757,2009-08-10,2020-06-11,1353,642
JBLU,1545,879,2009-09-10,2020-06-10,1219,715
AKS,1542,791,2009-08-14,2020-03-12,1334,667
FEYE,1540,604,2013-09-20,2020-06-09,1510,586
FOXA,1538,802,2013-07-01,2020-06-10,1478,765
EWC,1532,820,2009-11-27,2020-05-28,1425,753
NBG,1526,534,2009-12-10,2016-05-04,1490,502
NTAP,1523,610,2009-07-27,2020-06-09,1277,485
ANF,1518,624,2011-04-06,2020-06-03,1461,592
HTZ,1500,711,2009-08-17,2020-06-11,1211,576
MRVL,1500,718,2009-08-13,2020-06-04,1230,568
DD,1493,759,2009-06-01,2020-05-28,1168,575
TIF,1492,586,2011-01-12,2020-06-09,1435,556
DLTR,1490,671,2009-08-17,2020-06-08,1282,571
DRI,1488,612,2009-08-17,2020-06-10,1279,497
CLF,1478,816,2009-08-17,2020-06-08,1244,646
CRM,1474,579,2015-11-19,2020-06-10,1380,532
DKS,1473,619,2009-08-17,2020-06-09,1319,529
REGN,1472,758,2010-03-21,2020-06-05,1304,676
TSN,1468,661,2009-11-23,2020-06-11,1236,545
AEO,1464,657,2009-10-08,2020-06-05,1148,497
EWW,1462,607,2011-07-12,2020-06-09,1414,580
BX,1460,920,2009-08-13,2020-05-26,1160,745
MMM,1458,773,2009-08-13,2020-06-11,1053,573
YHOO,1458,430,2015-01-02,2017-06-19,1458,430
UA,1453,729,2009-08-13,2020-06-11,1349,643
MO,1452,821,2009-08-10,2020-06-11,1201,654
XLE,1429,980,2009-09-03,2020-06-11,1232,825
BSX,1410,795,2009-08-07,2020-06-08,1123,630
FL,1402,623,2009-08-07,2020-06-08,1166,526
BLK,1399,847,2009-10-20,2020-06-03,1151,689
GIS,1399,668,2009-08-07,2020-06-11,1200,550
XLK,1398,919,2009-08-29,2020-06-11,1222,781
LEN,1387,662,2009-09-21,2020-06-11,1131,505
JNPR,1380,675,2009-08-13,2020-04-29,1164,544
WFM,1364,574,2011-05-26,2018-01-31,1364,574
TLT,1356,863,2011-03-02,2020-06-11,1309,827
AET,1355,716,2009-10-13,2019-06-11,1190,616
IBB,1340,977,2009-10-01,2020-06-10,1210,864
SLB,1338,726,2011-03-10,2020-06-11,1232,666
DDD,1331,639,2010-09-27,2020-05-19,1303,621
PANW,1331,528,2012-07-09,2020-06-11,1265,495
TJX,1326,689,2009-08-16,2020-06-11,1067,533
VRTX,1324,718,2009-08-10,2020-06-10,1167,613
CI,1321,696,2009-08-07,2020-06-05,1107,561
POT,1315,691,2009-08-18,2018-01-02,855,485
MOS,1314,679,2009-09-14,2020-06-11,1040,512
SYMC,1303,601,2009-08-07,2019-11-07,1147,511
PG,1302,644,2013-05-22,2020-06-05,1243,618
SNDK,1298,545,2009-08-14,2017-03-07,1082,423
MAR,1296,667,2009-08-10,2020-06-10,1045,536
ACN,1293,686,2009-08-14,2020-06-05,1070,550
PBR,1291,861,2009-08-18,2020-06-11,1012,665
K,1290,604,2009-07-16,2020-06-11,990,511
KORS,1287,569,2011-12-12,2018-12-26,1287,569
HAS,1286,607,2009-08-07,2020-06-10,1116,505
CREE,1281,588,2009-08-14,2020-06-10,1097,480
COH,1271,629,2009-08-14,2017-11-22,1124,537
STZ,1253,579,2009-08-07,2020-06-11,1128,512
ILMN,1244,589,2009-08-13,2020-06-10,1138,523
PRGO,1243,621,2009-09-21,2020-06-10,1154,562
SIRI,1234,727,2009-08-16,2020-06-10,1022,587
RHT,1234,473,2009-08-14,2019-07-11,1105,401
GD,1215,789,2009-08-10,2020-06-11,1001,650
KBH,1208,596,2009-09-16,2020-06-11,991,466
DOW,1205,665,2009-08-17,2020-06-09,953,514
SINA,1201,608,2009-09-15,2020-05-28,1086,535
JD,1196,617,2014-05-21,2020-06-10,1086,569
WBA,1181,530,2014-12-31,2020-06-08,1122,499
NSC,1175,648,2009-10-26,2020-06-11,1001,542
CPB,1174,528,2009-10-30,2020-06-09,973,423
BHI,1171,583,2009-09-17,2020-06-08,1020,490
NOC,1169,739,2009-08-07,2020-06-11,959,605
BUD,1164,703,2010-03-04,2020-06-09,1017,613
OXY,1159,668,2009-07-27,2020-06-11,855,525
GWPH,1154,666,2013-06-04,2020-06-01,1091,626
INO,1150,492,2009-10-26,2020-06-09,877,420
NVAX,1146,561,2009-08-14,2020-06-09,898,479
HMC,1138,748,2009-08-22,2020-06-11,948,607
ADSK,1138,514,2009-08-17,2020-06-08,942,408
ESRX,1137,575,2009-08-17,2018-12-19,1025,496
NEM,1136,774,2009-08-17,2020-06-11,877,603
AMTD,1133,668,2009-08-16,2020-06-09,953,551
IWM,1124,772,2009-08-17,2020-06-11,941,626
X,1123,465,2016-04-26,2020-06-11,1068,430
TOL,1118,567,2009-08-27,2020-06-11,914,449
DPZ,1118,496,2009-10-13,2020-06-09,975,419
SPLS,1115,500,2009-08-16,2019-02-28,980,423
PVH,1110,475,2009-08-14,2020-06-11,973,404
CSIQ,1106,592,2009-08-27,2020-05-29,987,512
CIEN,1106,471,2009-08-13,2020-06-05,915,364
BHP,1106,675,2009-08-04,2020-06-05,655,445
TWC,1104,570,2009-08-17,2017-11-21,971,486
LL,1102,438,2009-08-07,2020-06-11,1037,388
CAG,1101,505,2009-08-12,2020-06-08,981,437
NXPI,1097,657,2010-10-27,2020-06-08,1008,597
NDAQ,1095,611,2009-08-27,2020-06-10,921,501
SPWR,1091,537,2011-12-06,2020-06-09,1051,511
INTU,1090,543,2009-08-17,2020-06-04,928,446
ALK,1090,652,2009-08-10,2020-06-10,892,544
IBM,1083,484,2016-09-23,2020-06-11,983,439
ENDP,1083,527,2012-08-08,2020-06-10,1059,514
BRCM,1078,533,2009-07-27,2017-06-28,862,403
WEN,1074,572,2009-08-17,2020-06-10,891,472
DHI,1072,595,2009-11-19,2020-06-11,846,462
SAVE,1065,565,2011-05-25,2020-06-10,882,501
DRYS,1064,569,2009-08-10,2019-10-14,918,479
BKS,1063,505,2011-01-04,2019-07-15,1034,484
XRX,1058,531,2009-08-18,2020-06-11,895,423
NAV,1054,526,2009-02-14,2020-06-05,899,426
CP,1052,596,2009-07-07,2020-05-22,987,543
DVN,1050,686,2009-08-18,2020-06-10,791,518
TEVA,1048,461,2017-02-07,2020-06-11,953,407
USB,1047,643,2009-08-10,2020-06-11,760,461
NWSA,1046,595,2009-08-07,2020-05-08,843,463
WHR,1045,549,2009-08-27,2020-05-28,898,466
MRO,1042,662,2009-08-07,2020-06-11,869,543
KKR,1039,662,2010-05-07,2020-06-11,942,593
TRIP,1039,513,2011-12-21,2020-06-10,966,467
BWLD,1039,442,2009-08-17,2018-01-29,934,382
COF,1039,621,2009-07-27,2020-06-10,817,471
ETFC,1033,600,2009-08-13,2020-06-05,855,480
RH,1033,399,2012-11-02,2020-06-11,979,374
GRUB,1032,450,2014-03-24,2020-06-11,894,406
WLL,1024,564,2009-12-08,2020-06-11,902,500
FDO,1022,426,2009-08-17,2016-11-18,820,330
WSM,1022,411,2009-08-27,2020-06-04,881,340
FOSL,1020,442,2009-12-14,2020-06-10,910,385
DFS,1017,623,2009-08-13,2020-06-10,782,459
SPLK,1015,455,2012-04-19,2020-06-04,921,417
THC,1011,554,2009-08-14,2020-06-11,867,464
C,1008,507,2017-01-13,2020-06-10,866,442
CSCO,1003,432,2016-08-17,2020-06-10,887,383
ADI,999,498,2009-08-12,2020-06-05,851,417
AVP,992,494,2009-08-14,2020-01-03,897,428
DECK,991,489,2009-11-02,2020-06-05,838,403
HSY,991,500,2009-09-08,2020-05-08,846,412
ARNA,988,506,2009-09-14,2020-06-04,806,405
ABX,985,635,2009-09-02,2019-08-02,801,502
VLO,983,683,2009-08-10,2020-06-11,794,547
MET,982,638,2009-09-10,2020-06-11,743,469
BIG,981,393,2009-08-07,2020-06-08,808,299
EW,980,497,2009-08-28,2020-06-08,850,417
DIA,977,339,2018-09-13,2020-06-10,891,277
VALE,975,639,2010-11-30,2020-06-11,844,555
ODP,969,520,2009-08-13,2020-06-08,817,422
MCK,965,515,2009-10-27,2020-06-11,827,419
UBS,958,653,2009-08-07,2020-06-11,618,427
PIR,955,401,2009-08-07,2020-02-18,881,355
AZO,951,431,2009-08-13,2020-05-27,787,342
CME,950,663,2009-07-27,2020-06-09,751,519
CMI,948,532,2009-12-07,2020-06-05,802,436
CF,948,572,2009-08-07,2020-05-26,764,443
VVUS,947,494,2009-08-13,2020-06-08,777,392
GREK,944,362,2011-12-06,2020-05-02,941,359
ZUMZ,943,398,2009-11-16,2020-06-05,836,340
LGF,941,574,2009-08-10,2020-05-21,794,476
MYGN,940,499,2009-08-18,2020-06-08,820,421
FNSR,939,374,2009-08-07,2019-09-25,852,322
RCL,939,513,2009-08-13,2020-06-11,648,375
AOL,937,459,2010-01-12,2017-02-14,778,370
OSTK,937,529,2009-10-19,2020-06-10,826,454
HOG,937,412,2011-04-15,2020-06-10,885,381
MNST,935,466,2012-01-17,2020-06-08,881,436
DNKN,932,525,2011-05-18,2020-06-10,885,493
MT,930,597,2009-08-13,2020-06-11,715,453
WDAY,930,401,2012-08-31,2020-06-11,859,367
IP,930,545,2009-08-07,2020-06-11,665,393
CLVS,929,437,2012-01-03,2020-06-10,865,403
CS,926,664,2009-08-10,2020-06-09,643,467
RL,925,468,2009-08-07,2020-06-11,779,382
STLD,922,548,2009-08-18,2020-05-27,824,475
BAX,921,555,2009-10-09,2020-06-10,784,455
PHM,919,582,2009-08-17,2020-06-11,772,480
BMRN,916,544,2009-08-13,2020-06-10,827,477
EOG,916,616,2009-08-10,2020-06-11,760,508
WMB,916,540,2009-10-29,2020-06-11,793,460
PNC,916,548,2009-08-13,2020-06-11,693,393
TSM,909,634,2009-08-17,2020-06-11,806,556
ICE,908,554,2009-08-10,2020-06-11,751,444
CTL,908,548,2009-08-13,2020-06-10,782,449
JBL,894,373,2009-08-17,2020-06-11,738,286
VOD,893,589,2009-08-10,2020-06-09,698,453
JCI,893,462,2009-10-08,2020-06-10,743,357
EWG,892,525,2009-11-09,2020-06-09,788,459
SHPG,890,432,2012-07-09,2019-01-08,890,432
D,888,493,2009-08-06,2020-06-09,596,378
SSYS,886,475,2010-01-19,2020-06-02,847,453
RAX,885,402,2009-11-10,2017-03-01,761,326
STJ,883,455,2009-10-06,2018-01-02,747,369
SYK,883,478,2009-10-28,2020-06-11,696,360
CTXS,882,468,2009-09-16,2020-05-21,738,366
PAY,881,320,2009-08-18,2018-08-15,810,279
DUK,881,576,2009-08-13,2020-06-09,732,471
FTNT,880,462,2010-06-03,2020-06-04,788,409
TGT,877,369,2017-10-27,2020-06-11,731,323
INCY,877,526,2009-09-23,2020-05-29,787,460
CNC,867,493,2009-08-13,2020-05-20,787,436
SGEN,865,534,2009-08-16,2020-06-10,761,470
KMX,863,412,2009-08-16,2020-06-11,720,334
UAL,862,316,2018-01-11,2020-06-11,513,236
ULTA,861,319,2013-09-08,2020-06-09,793,285
EWA,860,535,2009-11-10,2020-05-22,799,483
WTW,857,398,2009-11-11,2019-05-02,825,377
CY,855,478,2009-08-12,2020-04-14,769,420
SIG,854,339,2009-08-13,2020-06-11,778,295
SWHC,849,326,2009-09-10,2017-01-04,809,304
STI,848,491,2009-09-18,2019-11-20,659,368
SODA,846,371,2010-11-04,2018-11-30,811,350
MNKD,843,429,2009-10-06,2020-05-06,735,371
MPC,841,551,2011-07-01,2020-06-11,762,496
JKS,840,512,2010-06-23,2020-06-09,726,437
CTSH,839,431,2009-08-17,2020-06-10,727,350
RF,839,534,2009-05-27,2020-06-11,587,361
ERIC,835,551,2009-08-13,2020-06-08,703,447
CLX,833,449,2009-09-08,2020-06-03,654,338
FINL,833,329,2009-08-10,2018-06-19,782,293
CL,831,489,2009-09-09,2020-06-08,702,395
NBL,830,539,2009-07-27,2020-06-11,686,456
CYH,827,476,2009-08-14,2020-06-09,732,415
CMA,825,463,2009-08-10,2020-06-10,647,352
FITB,825,554,2009-10-26,2020-06-10,579,378
BTU,824,456,2011-03-03,2020-06-10,778,428
FXI,824,103,2020-02-18,2020-06-11,157,8
TIVO,823,432,2009-08-07,2020-06-01,680,349
GCI,823,419,2009-09-29,2020-06-11,677,334
DF,819,399,2009-08-14,2019-12-20,718,339
BK,816,525,2009-08-16,2020-06-05,631,405
JEC,815,552,2009-08-25,2019-12-10,699,477
SBUX,815,310,2017-11-02,2020-06-10,614,247
AAP,813,404,2009-08-13,2020-06-10,707,337
KMI,811,481,2010-11-23,2020-06-11,757,440
SKX,810,421,2009-09-08,2020-06-11,707,343
PRU,810,523,2009-09-10,2020-06-11,579,372
TMO,807,466,2009-09-03,2020-06-11,667,380
DTV,804,448,2009-08-10,2018-04-27,677,361
W,804,374,2014-08-15,2020-06-08,661,324
SJM,804,372,2009-08-10,2020-06-11,697,318
GRMN,804,440,2009-08-16,2020-06-08,697,365
OPK,804,540,2010-10-14,2020-06-11,710,491
AMAT,801,372,2015-08-12,2020-06-05,724,327
ARO,800,369,2009-08-06,2016-04-22,637,267
PPG,799,455,2009-09-09,2020-06-11,676,366
RRC,798,534,2009-10-21,2020-06-08,683,448
ARIA,796,402,2009-11-09,2017-04-12,754,375
TAP,795,456,2009-08-13,2020-06-11,707,395
CLR,795,531,2009-08-17,2020-06-10,650,447
SVU,795,415,2009-08-14,2018-10-18,690,354
JACK,793,356,2009-08-07,2020-06-10,679,299
ADM,792,475,2009-08-12,2020-06-05,656,387
PXD,791,547,2009-08-07,2020-06-11,677,461
MCO,791,472,2009-09-09,2020-06-11,583,329
PNRA,790,421,2009-08-17,2017-07-28,694,354
ETN,789,446,2009-08-16,2020-06-05,621,327
JBHT,789,406,2010-01-19,2020-05-26,704,356
SYY,788,389,2009-08-18,2020-06-11,671,318
EXPE,787,377,2015-10-29,2020-06-09,677,327
EL,787,402,2009-08-12,2020-06-08,673,331
KSU,783,486,2009-09-08,2020-06-11,675,403
PLUG,779,392,2009-10-08,2020-06-10,719,350
CA,779,296,2009-08-06,2018-11-01,359,221
FLR,778,494,2009-08-10,2020-06-10,586,368
MCHP,777,430,2009-11-19,2020-06-05,660,361
GOLD,777,536,2009-07-27,2020-06-09,597,397
RIO,776,526,2009-08-07,2020-06-11,613,427
ALL,776,500,2009-08-10,2020-06-09,608,387
HZNP,773,387,2011-07-28,2020-06-03,732,363
APO,772,505,2010-02-27,2020-06-09,724,472
ADP,771,453,2009-08-13,2020-06-05,658,365
NE,769,525,2009-08-06,2020-06-11,607,410
CROX,765,389,2009-08-10,2020-06-09,638,309
FIVE,764,300,2012-07-13,2020-06-10,700,276
GDX,762,623,2009-09-02,2020-06-03,520,439
NWL,758,397,2010-01-08,2020-06-11,650,326
EMR,755,412,2009-10-06,2020-06-05,653,347
SWN,755,492,2009-08-07,2020-06-08,639,403
RVBD,754,353,2009-08-10,2016-11-29,588,240
LAKE,754,308,2009-07-27,2020-06-10,635,268
HOLX,753,399,2009-09-15,2020-06-09,627,325
WU,753,416,2009-08-18,2020-06-11,635,348
NUAN,750,403,2009-08-07,2020-06-02,681,355
RSX,749,268,2019-02-14,2020-06-11,568,209
BRCD,746,321,2009-08-17,2017-11-20,591,251
MW,746,335,2009-08-10,2019-04-07,587,229
DISCA,745,434,2011-06-23,2020-06-10,701,403
BBT,745,453,2009-08-16,2019-12-01,595,356
DGX,743,403,2009-10-08,2020-06-09,592,313
HOT,741,398,2009-08-13,2019-04-02,627,321
ADS,740,481,2009-06-19,2020-06-08,568,351
ANTM,735,412,2014-12-22,2020-06-08,682,376
EEM,734,603,2009-08-17,2020-05-14,563,458
JASO,734,408,2009-11-10,2019-01-25,562,296
NRG,734,473,2009-11-16,2020-05-20,618,397
BDX,733,423,2009-08-16,2020-06-01,599,330
CRUS,732,397,2009-09-15,2020-05-28,606,325
FCEL,732,418,2009-09-24,2020-06-10,664,372
UNFI,731,309,2009-09-09,2020-06-10,641,263
AGU,730,451,2009-09-14,2018-01-02,596,359
HMNY,730,265,2011-12-15,2020-02-04,730,265
FTI,728,472,2009-08-13,2020-06-11,574,377
IT,727,376,2009-08-07,2020-05-13,350,208
BLUE,727,369,2013-06-19,2020-06-07,687,342
TOT,727,541,2009-08-07,2020-06-11,529,400
JAZZ,725,437,2009-08-17,2020-06-01,640,383
DHR,725,408,2009-09-02,2020-06-09,580,316
ICPT,724,343,2012-10-11,2020-06-05,703,329
FTR,724,438,2009-08-13,2020-04-15,640,378
XBI,723,653,2009-11-03,2020-06-11,613,553
IMAX,719,487,2009-08-13,2020-05-18,615,422
HCA,716,419,2011-03-10,2020-06-11,674,389
DO,714,461,2009-08-13,2020-04-28,535,348
YGE,713,441,2009-07-27,2019-01-25,610,368
MPEL,712,442,2009-08-18,2018-01-01,640,390
MSI,709,385,2011-01-04,2020-06-11,658,353
DBC,709,647,2009-08-07,2018-02-07,667,606
GPN,709,373,2009-10-01,2020-06-11,601,306
WFT,709,431,2009-09-08,2019-05-13,638,373
IGT,706,435,2009-10-26,2020-06-11,558,341
LRCX,705,386,2012-08-30,2020-06-05,635,341
ATHN,703,345,2009-08-10,2018-11-27,600,278
NBR,703,432,2011-03-31,2020-06-11,617,387
GLUU,700,402,2010-02-10,2020-06-10,643,368
NOV,700,474,2009-08-07,2020-06-11,571,378
CNI,695,460,2009-08-13,2020-06-05,619,404
KMB,694,380,2009-08-16,2020-06-08,557,291
KLAC,693,409,2009-12-09,2020-06-05,585,335
DGLY,693,347,2009-09-22,2020-06-10,629,324
CHKP,693,385,2009-08-17,2020-04-28,603,324
PLCE,692,298,2009-09-21,2020-06-09,595,229
ITW,691,387,2009-08-07,2020-06-11,559,296
CMTL,689,457,2009-12-09,2020-06-10,624,413
MXIM,688,419,2009-08-07,2020-06-05,592,358
AMT,687,460,2009-09-16,2020-06-03,545,359
ABC,686,394,2009-08-10,2020-06-05,571,308
TSL,686,390,2011-03-16,2017-09-20,686,390
TPX,685,363,2009-08-18,2020-06-11,617,319
MLNX,684,377,2010-03-29,2020-04-28,627,333
NVO,683,462,2009-07-27,2020-06-11,609,401
ZION,683,415,2009-08-07,2020-06-09,487,291
NEE,683,449,2010-07-26,2020-06-11,600,390
BYD,683,433,2009-10-27,2020-06-10,549,340
EQIX,682,438,2009-09-27,2020-06-03,553,362
KTOS,682,492,2009-09-02,2020-06-08,634,459
TSCO,681,367,2009-10-08,2020-06-02,570,302
ALTR,678,363,2009-10-13,2020-06-05,542,279
RSH,677,353,2009-08-17,2015-05-13,547,279
RMBS,677,403,2009-08-14,2020-05-05,541,310
CEO,676,385,2009-08-06,2020-05-22,372,290
ACHN,674,314,2009-12-16,2020-01-28,664,308
GNC,674,364,2011-04-01,2020-06-10,651,349
XLV,674,537,2009-08-16,2020-06-01,601,472
NKTR,673,382,2009-09-22,2020-06-04,621,345
ACTG,672,416,2009-11-09,2020-06-08,621,381
CHS,671,351,2009-11-16,2020-06-11,559,279
IMMU,671,386,2010-01-11,2020-06-08,555,332
AKRX,670,379,2009-11-04,2020-06-03,598,336
NLNK,670,323,2011-11-11,2020-03-19,663,316
LH,669,368,2009-08-14,2020-06-11,549,293
ASNA,669,311,2011-01-31,2020-06-09,638,293
ECA,668,449,2009-08-18,2020-01-27,611,401
SO,667,420,2009-08-10,2020-06-11,569,348
ALB,667,386,2009-12-14,2020-05-29,579,322
IR,665,380,2009-08-07,2020-06-11,536,303
PENN,664,412,2009-08-18,2020-06-10,502,315
EAT,662,355,2009-08-10,2020-06-10,517,263
EPS,662,300,2009-05-27,2018-01-03,66,50
GIII,661,232,2009-12-03,2020-06-10,568,179
MCP,661,307,2011-03-29,2016-03-03,661,307
PAA,660,434,2009-11-11,2020-06-11,547,356
ALKS,660,397,2009-11-18,2020-05-27,578,335
HAIN,660,332,2011-05-04,2020-06-01,641,320
FRO,660,386,2009-08-17,2020-06-08,536,308
NOW,660,360,2009-08-07,2020-06-11,566,303
BNO,656,626,2011-02-19,2020-06-08,654,624
PAYX,656,333,2009-09-24,2020-06-05,551,264
TRP,655,453,2009-08-10,2020-06-11,597,403
DWA,654,338,2009-08-13,2016-12-22,553,278
XLI,654,449,2009-09-03,2020-06-01,565,372
MDCO,654,361,2009-08-10,2020-02-18,631,339
ACOR,653,364,2009-10-09,2020-06-08,583,314
RBS,653,447,2009-08-10,2020-06-11,461,317
OCN,653,356,2009-12-28,2020-06-11,612,324
FRED,651,314,2010-02-01,2019-09-27,617,295
SPG,647,422,2011-04-29,2020-06-11,563,368
SOHU,647,367,2009-10-14,2020-05-18,577,315
CNX,647,448,2009-08-13,2020-06-10,518,356
INFY,646,349,2009-10-29,2020-06-11,561,286
DSX,645,502,2009-11-10,2020-06-05,565,435
IRBT,645,343,2010-01-06,2020-06-03,591,305
CVC,643,362,2009-08-14,2017-07-29,543,293
FRAN,642,243,2011-06-14,2020-06-08,614,227
YNDX,641,398,2011-05-24,2020-06-02,607,375
VIPS,640,335,2012-03-23,2020-06-11,603,317
TXT,640,386,2009-08-14,2020-06-11,531,304
JOY,639,278,2011-12-06,2017-04-04,639,278
RRGB,637,304,2009-08-17,2020-06-10,536,237
HA,637,426,2009-08-09,2020-06-10,539,359
CXO,637,439,2009-08-14,2020-06-10,540,366
PZZA,636,344,2009-12-15,2020-06-08,547,295
KBR,636,434,2009-08-17,2020-06-05,541,362
TUR,635,401,2009-11-03,2020-03-25,555,333
HRS,635,467,2009-08-10,2019-06-21,553,404
TRV,635,375,2009-10-22,2020-06-11,494,280
HIG,634,407,2009-08-10,2020-06-11,454,286
SWK,633,364,2009-09-09,2020-06-11,514,278
R,632,290,2009-06-19,2020-06-11,406,232
FE,632,393,2009-12-04,2020-06-05,523,309
ARMH,630,400,2009-10-19,2017-05-23,478,304
AFL,630,405,2009-08-14,2020-06-09,486,300
F,630,239,2019-04-30,2020-06-11,389,158
LYB,629,403,2010-10-14,2020-06-11,529,342
SM,629,425,2009-08-12,2020-06-11,490,342
RGR,629,386,2009-08-13,2020-06-08,596,358
CHL,627,460,2009-08-14,2020-05-22,522,377
KGC,627,434,2009-08-10,2020-06-09,502,342
MOH,626,391,2009-11-03,2020-06-08,556,339
FXY,626,364,2009-11-02,2018-10-10,540,297
RAI,626,362,2009-08-10,2017-08-07,560,308
HP,625,396,2009-08-07,2020-06-11,473,290
ALXN,624,294,2016-03-03,2020-06-08,560,261
TASR,624,328,2009-11-05,2017-04-11,604,310
MDVN,623,314,2009-10-27,2016-12-21,585,283
WYNN,622,294,2018-01-29,2020-06-10,507,234
CSC,622,356,2009-08-13,2017-11-13,500,274
GWW,622,338,2009-10-14,2020-06-02,554,289
MDRX,620,349,2009-08-18,2020-06-08,503,266
STM,620,427,2009-08-18,2020-06-11,537,365
LM,619,403,2009-08-13,2020-04-29,522,333
DLPH,614,377,2011-10-31,2020-05-18,593,365
NTES,614,405,2009-08-14,2020-06-07,499,328
ZTS,613,331,2013-01-17,2020-06-11,581,305
DVA,612,358,2009-08-18,2020-05-06,553,314
CCI,611,411,2009-08-10,2020-06-03,500,327
TEX,611,357,2009-08-14,2020-06-11,515,290
ASML,609,404,2009-08-10,2020-06-08,458,300
TNXP,609,290,2011-11-18,2020-06-01,554,265
BKE,607,340,2009-08-10,2020-05-26,515,278
ORLY,606,360,2009-08-18,2020-05-20,535,311
SHW,603,337,2009-08-18,2020-06-03,542,293
SYNA,603,315,2009-10-02,2020-05-15,539,274
H,602,392,2009-12-15,2020-06-11,495,316
PTEN,602,431,2010-02-09,2020-06-09,479,342
NLSN,601,369,2011-01-26,2020-06-09,556,338
AN,600,363,2009-08-08,2020-06-10,499,299
KEY,600,378,2011-03-25,2020-06-11,540,329
SFLY,596,299,2009-12-10,2019-09-25,557,274
MKC,595,282,2010-03-25,2020-06-01,530,244
ACAD,594,319,2009-07-27,2020-05-28,549,292
RCII,594,296,2009-08-07,2020-05-08,545,262
VXX,593,462,2009-11-12,2020-05-13,340,283
XOM,593,303,2018-06-27,2020-06-11,426,235
QRVO,592,324,2015-01-04,2020-06-05,542,292
AJG,591,479,2009-08-14,2020-06-09,543,438
DXCM,591,325,2010-01-07,2020-06-09,507,280
VIA,590,420,2009-08-07,2019-12-09,491,349
QIHU,590,339,2011-03-30,2017-03-11,590,339
PGR,589,386,2009-11-02,2020-06-11,503,318
CACI,588,416,2010-03-31,2020-06-04,536,369
DOV,587,337,2009-08-17,2020-06-05,510,286
NUVA,586,330,2009-11-25,2020-06-05,482,260
IEP,586,359,2010-09-13,2020-05-08,563,342
PH,583,345,2009-10-20,2020-06-11,477,273
DVAX,583,355,2009-09-10,2020-06-09,504,314
GDOT,583,304,2010-09-07,2020-06-03,533,278
XLP,583,472,2009-08-16,2020-05-04,509,406
INFN,582,295,2010-02-24,2020-06-09,496,248
DDS,582,351,2009-08-07,2020-05-15,483,286
SOL,581,384,2009-08-11,2020-06-10,495,323
HBAN,581,382,2009-09-11,2020-06-10,413,265
HALO,581,325,2009-08-12,2020-06-04,519,282
CYBR,580,262,2014-09-23,2020-05-14,556,253
AVAV,579,288,2009-11-16,2020-06-10,526,248
GPOR,577,385,2009-08-25,2020-06-10,516,351
NYT,576,384,2010-09-28,2020-06-05,482,322
SGMS,575,399,2009-10-27,2020-06-10,493,332
CTAS,575,264,2009-08-17,2020-06-05,507,223
EQT,575,387,2009-10-29,2020-06-08,504,332
ETR,573,386,2009-08-07,2020-06-05,489,322
LLL,573,372,2009-12-11,2019-07-01,483,308
GNW,572,356,2009-08-17,2020-06-08,457,275
ACT,570,265,2013-02-11,2020-03-26,569,264
ZAGG,570,313,2010-05-11,2020-06-09,508,276
ARWR,568,308,2010-04-27,2020-05-13,535,283
DNR,568,399,2009-08-17,2020-06-10,459,327
PTCT,567,272,2013-06-13,2020-05-07,549,258
VRA,567,203,2010-11-30,2020-06-03,525,181
MTB,566,359,2009-09-08,2020-06-11,427,261
SMG,565,380,2009-11-05,2020-06-08,493,322
ETF,564,242,2011-03-14,2013-01-20,564,242
SLXP,563,262,2009-09-14,2017-03-30,481,205
JJC,562,399,2009-11-04,2019-03-28,382,252
IVZ,561,411,2009-10-02,2020-06-11,434,326
SWY,561,302,2009-08-10,2017-11-24,473,234
GERN,560,285,2009-08-18,2020-06-08,468,228
CAKE,560,321,2009-08-17,2020-06-10,400,226
PETM,560,229,2009-08-12,2019-06-03,485,179
XON,558,359,2013-07-10,2020-01-21,558,359
BURL,558,241,2013-10-01,2020-06-04,499,213
LVLT,558,312,2009-12-08,2017-10-31,509,273
ZIOP,557,360,2009-09-25,2020-06-02,511,322
WM,557,338,2010-02-05,2020-06-11,473,274
OC,556,316,2009-08-07,2020-06-11,461,249
FOLD,556,323,2009-10-05,2020-05-18,531,304
EFX,556,325,2009-08-11,2020-06-09,502,284
CONN,556,220,2014-02-20,2020-06-10,506,195
WIN,554,322,2009-08-07,2019-11-12,483,261
ESV,554,393,2009-09-09,2019-08-01,454,323
HBI,553,332,2009-08-07,2020-06-11,486,278
GEVO,553,315,2011-02-09,2020-05-21,535,302
FDS,553,228,2009-12-15,2020-06-05,505,194
CMC,552,306,2009-08-10,2020-06-05,497,264
ROK,550,295,2009-12-10,2020-06-05,463,240
PEG,549,365,2009-08-14,2020-06-11,446,289
FISV,549,351,2009-08-17,2020-06-05,435,270
EWY,548,410,2009-10-18,2020-05-30,459,336
COV,548,312,2009-08-14,2017-12-12,425,239
BWA,548,322,2011-01-28,2020-06-05,512,299
COL,547,294,2009-12-21,2018-11-27,492,260
VDC,547,307,2009-08-10,2019-05-21,541,301
OKE,546,367,2009-10-29,2020-06-11,433,298
CAB,546,285,2009-12-11,2017-09-25,493,254
SRE,545,372,2009-07-27,2020-06-11,439,294
TKMR,543,231,2011-03-16,2015-11-11,543,231
YOKU,543,297,2010-12-08,2016-08-08,472,269
HLT,541,311,2013-12-02,2020-06-11,459,268
GG,540,374,2011-03-29,2019-04-18,540,374
ABBV,539,357,2013-01-02,2020-06-10,498,330
ANET,539,274,2014-06-06,2020-05-14,512,260
INSY,539,310,2013-04-19,2019-06-18,539,310
PII,539,304,2009-08-13,2020-06-04,479,260
OSK,538,314,2009-08-13,2020-05-04,466,263
WCG,538,334,2009-11-04,2020-01-22,506,309
PPL,538,337,2010-01-28,2020-06-11,445,268
ETP,537,379,2009-10-02,2018-10-18,477,328
SFM,537,285,2013-08-01,2020-05-14,500,265
ENPH,536,304,2012-03-30,2020-06-05,465,262
CERS,535,323,2009-11-11,2020-06-02,495,292
E,535,353,2009-08-07,2020-06-02,325,267
SNX,534,227,2009-09-22,2020-06-05,486,195
ED,534,377,2009-08-07,2020-05-22,432,295
COO,534,277,2009-08-07,2020-06-05,419,216
TERP,534,295,2014-07-08,2020-05-18,514,280
MTN,534,259,2009-10-05,2020-06-05,449,210
LGND,533,335,2009-10-27,2020-06-05,501,310
QSR,533,327,2014-12-16,2020-06-11,463,281
MD,531,278,2009-08-06,2020-06-08,363,222
RENN,531,292,2011-05-04,2020-06-03,517,284
DMND,530,209,2009-09-30,2016-02-29,489,187
SBGI,530,324,2009-10-13,2020-06-05,452,283
LCI,530,307,2010-09-13,2020-06-11,508,291
XEC,529,364,2009-08-18,2020-06-11,446,302
FMC,529,331,2009-08-13,2020-06-05,469,280
MAC,528,337,2009-08-12,2020-06-11,427,272
AYI,528,247,2009-10-07,2020-06-09,480,217
SGMO,528,302,2009-10-07,2020-05-11,497,282
TSRO,528,265,2012-06-28,2019-01-08,528,265
XPO,527,314,2010-05-13,2020-06-11,481,280
DEPO,526,261,2009-10-01,2018-08-15,491,238
DLR,526,386,2009-12-31,2020-06-01,454,329
FAST,526,249,2012-04-12,2020-06-10,492,227
GGP,526,347,2010-02-16,2018-08-28,418,273
LPX,526,357,2009-08-13,2020-06-11,469,312
BID,526,309,2009-08-13,2019-09-30,478,272
AXL,524,297,2009-08-13,2020-06-10,437,234
AUY,523,404,2009-08-14,2020-05-20,424,326
ALGT,523,371,2009-09-14,2020-06-10,438,314
TXRH,523,261,2009-12-08,2020-06-05,450,212
SPR,521,318,2009-11-03,2020-06-11,408,250
VAL,521,268,2010-01-05,2020-06-10,420,207
GCO,520,217,2009-12-23,2020-06-11,467,182
BG,517,327,2009-07-27,2020-06-05,428,253
TSO,517,342,2009-11-06,2017-08-08,436,284
VIS,517,280,2010-10-15,2019-06-03,514,277
ALGN,516,319,2009-08-18,2020-05-20,463,274
HUN,516,307,2009-12-03,2020-05-26,437,248
AVEO,516,281,2011-01-11,2020-06-01,465,257
EWQ,516,302,2009-12-10,2020-05-28,469,267
AEM,514,393,2009-07-27,2020-06-03,408,303
MTW,513,326,2009-08-18,2020-05-14,443,268
NTRS,511,345,2009-09-16,2020-06-09,391,260
HL,510,381,2009-08-07,2020-06-11,395,296
PLAY,510,180,2014-09-08,2020-06-10,422,141
QGEN,509,338,2009-08-18,2020-06-05,414,270
OAS,509,306,2014-08-05,2020-06-11,443,275
MAS,508,327,2009-08-14,2020-05-29,400,251
TROW,508,364,2009-10-23,2020-06-03,393,282
VHC,507,314,2010-03-17,2020-05-29,481,289
BAH,506,262,2010-12-27,2020-06-10,472,246
WLT,506,262,2011-06-20,2015-09-16,506,262
SONC,505,212,2012-03-08,2018-11-07,505,212
AU,505,397,2009-08-18,2020-06-09,363,282
BEN,505,355,2009-08-10,2020-06-09,402,282
VPU,505,271,2009-10-26,2019-04-02,502,268
ADXS,504,302,2011-06-30,2020-06-07,490,290
UTHR,504,303,2010-01-13,2020-06-10,448,260
IAG,502,353,2009-07-27,2020-06-01,455,312
MOMO,501,258,2014-11-28,2020-06-01,484,245
VRNG,501,249,2011-03-15,2016-04-25,501,249
CLNE,501,319,2009-10-29,2020-05-12,423,262
XLY,501,413,2009-09-03,2020-05-04,411,334
EXEL,501,283,2014-11-16,2020-06-01,459,261
ALV,501,308,2009-11-17,2020-06-03,448,269
MJN,500,270,2009-11-13,2017-06-12,463,235
NBIX,499,323,2009-09-16,2020-06-10,432,279
FXA,499,341,2009-11-02,2020-03-26,425,274
KNDI,498,309,2009-08-17,2020-06-05,473,289
GBX,498,232,2009-08-12,2020-04-16,452,206
HOV,498,317,2009-08-28,2020-06-05,400,245
YRCW,498,333,2009-08-10,2020-06-10,410,269
EGO,495,371,2009-08-12,2020-06-08,432,314
MSG,495,291,2010-05-17,2020-04-22,466,269
CHD,494,276,2009-12-01,2020-05-15,441,235
ATI,494,310,2009-08-07,2020-06-08,402,247
OI,494,280,2009-08-07,2020-06-11,410,219
KPTI,492,273,2013-11-06,2020-06-09,452,255
FIS,492,318,2009-08-18,2020-06-05,393,247
NI,492,265,2009-08-06,2020-05-06,336,214
TTM,492,353,2009-08-14,2020-06-11,410,283
DPW,491,232,2010-10-26,2020-06-11,470,217
BXP,491,345,2009-11-02,2020-06-10,381,258
HCP,490,324,2009-08-18,2019-11-01,430,284
LUV,490,171,2019-03-28,2020-06-11,222,94
DBD,489,280,2010-02-02,2020-06-10,424,233
VNO,489,369,2009-08-07,2020-06-11,349,250
HFC,489,342,2011-07-01,2020-06-11,448,309
SLCA,489,315,2012-02-01,2020-06-11,453,291
OVTI,488,216,2009-08-18,2016-01-28,405,167
VAR,487,321,2009-08-11,2020-05-21,407,253
NLY,487,361,2009-09-17,2020-06-10,355,255
DV,487,263,2009-08-10,2017-05-24,391,199
MMC,486,351,2009-08-17,2020-06-11,403,292
TMUS,486,305,2012-01-20,2020-06-11,449,282
OMER,486,282,2009-10-08,2020-05-14,464,270
B,486,224,2009-06-09,2020-04-24,269,169
OMC,485,287,2009-08-07,2020-06-11,395,212
AWK,485,354,2009-08-14,2020-06-05,427,307
TEN,485,296,2009-08-07,2020-06-11,386,232
ARRY,483,283,2009-09-04,2019-07-30,470,275
NCR,483,282,2011-02-04,2020-06-11,442,251
AGCO,482,308,2009-08-10,2020-05-06,424,261
CRZO,482,323,2009-11-16,2019-12-20,449,297
ACRX,481,283,2011-03-24,2020-06-10,444,258
FXB,480,286,2009-12-22,2017-06-15,416,225
VTR,480,320,2009-11-16,2020-06-11,381,244
OCLR,480,268,2010-03-15,2018-12-06,456,254
ETE,478,303,2009-12-24,2018-11-06,462,289
MGA,477,317,2009-11-11,2020-06-11,382,241
CPE,476,311,2009-08-07,2020-06-10,363,255
CRL,475,296,2009-08-07,2020-06-03,320,194
SNPS,475,266,2009-08-17,2020-06-10,411,228
CALM,474,213,2009-09-28,2020-04-24,408,178
JDSU,474,249,2009-11-06,2015-07-10,335,174
ACM,474,295,2009-08-07,2020-05-26,429,258
PODD,473,284,2009-10-27,2020-06-09,411,250
IPG,473,290,2009-11-24,2020-06-11,393,230
ROVI,472,265,2010-01-04,2016-11-14,393,215
VMC,471,317,2009-08-18,2020-06-11,377,244
EMN,471,298,2009-08-12,2020-06-05,378,230
CRC,471,281,2009-08-13,2020-06-10,401,244
SEE,471,271,2009-08-07,2020-06-05,430,241
OREX,470,248,2009-08-13,2018-04-23,381,203
AAPL,469,86,2020-03-09,2020-06-10,0,0
LOGI,469,323,2009-08-18,2020-06-02,390,258
IPXL,469,275,2010-02-25,2018-05-02,423,239
TDC,469,275,2009-10-24,2020-06-11,410,230
WWW,468,252,2009-08-12,2020-06-04,412,213
VEEV,468,210,2013-10-16,2020-06-11,409,180
LYV,467,332,2009-10-16,2020-06-11,360,254
AES,467,290,2009-08-10,2020-06-09,382,230
UHS,467,295,2009-12-18,2020-06-09,399,248
DBE,466,453,2009-08-29,2017-04-18,462,449
LBTYA,466,333,2009-11-04,2020-06-10,404,283
JUNO,465,211,2014-11-17,2018-03-16,465,211
TYC,465,236,2009-11-10,2016-08-25,406,196
PNR,465,258,2009-08-14,2020-06-11,414,220
OSIS,465,323,2009-12-28,2020-05-01,395,268
BLL,463,297,2009-08-07,2020-05-08,393,244
RDC,463,304,2009-08-07,2019-04-11,401,260
CNP,463,282,2010-02-22,2020-06-08,383,231
ISIS,462,267,2009-08-07,2015-12-18,416,228
ZGNX,460,272,2011-07-12,2020-06-01,436,257
BOBE,460,191,2009-08-10,2018-01-09,432,172
LXRX,460,240,2009-09-15,2020-05-13,431,220
MDXG,459,234,2013-06-28,2020-05-11,457,232
ESI,459,284,2009-08-17,2020-06-05,357,199
MRCY,459,325,2010-01-27,2020-05-21,429,306
MNTA,459,286,2009-11-10,2020-05-13,404,247
FHN,459,300,2009-08-17,2020-06-10,346,209
FLEX,458,293,2009-08-13,2020-06-05,367,219
PSTI,458,313,2009-12-02,2020-05-15,374,273
TTPH,457,257,2013-03-05,2020-06-10,389,228
NAT,457,313,2009-08-07,2020-06-11,364,249
ASH,457,295,2009-08-18,2020-05-07,365,224
BBW,457,344,2009-10-12,2020-06-02,395,292
PRGS,456,175,2009-07-27,2020-05-06,427,156
SIX,455,269,2010-11-11,2020-06-11,395,225
PSA,455,322,2009-12-01,2020-06-11,364,246
ENB,455,295,2009-08-16,2020-06-05,404,251
BRO,454,304,2009-08-13,2020-06-03,409,267
ELGX,454,274,2009-10-09,2020-05-28,428,251
CNK,453,313,2009-11-05,2020-06-10,335,232
DAN,453,304,2009-08-07,2020-06-10,392,254
ELY,451,283,2009-08-13,2020-06-04,382,231
TUP,450,231,2009-10-21,2020-06-11,371,181
SSI,447,208,2009-08-10,2020-05-11,423,187
LDOS,447,310,2013-12-02,2020-06-11,407,280
AON,446,288,2010-07-12,2020-06-03,367,234
TECD,446,220,2009-11-23,2020-05-28,403,193
AVT,446,273,2009-10-14,2020-06-10,369,215
KKD,445,198,2009-08-26,2019-11-13,406,166
VRNT,445,185,2010-01-25,2020-06-10,398,160
PALL,445,373,2010-03-06,2019-12-28,234,216
TXMD,444,253,2013-04-26,2020-06-08,399,227
DTE,444,300,2009-08-18,2020-06-09,372,248
ESPR,444,226,2013-05-14,2020-06-04,420,208
CX,443,351,2009-11-12,2020-06-09,373,288
GWR,443,274,2009-10-13,2020-01-03,420,258
PBI,442,274,2009-08-07,2020-06-11,368,215
SUN,442,279,2009-07-10,2020-06-01,351,211
SKYW,442,319,2009-12-12,2020-06-10,375,267
ITRI,442,267,2009-08-07,2020-05-28,352,209
WAB,442,288,2009-08-13,2020-06-11,389,244
ADTN,441,241,2009-11-18,2020-04-23,377,196
KATE,441,221,2014-03-17,2017-07-02,441,221
BRK,440,295,2009-11-10,2020-06-05,379,250
ENR,440,267,2009-08-12,2020-06-08,366,212
AM,439,282,2009-05-22,2020-06-08,346,225
WYN,439,289,2009-08-10,2018-06-01,317,197
WERN,439,255,2009-10-20,2020-06-02,387,215
BZH,439,286,2009-08-13,2020-05-19,371,240
NIO,439,148,2019-08-26,2020-06-11,326,102
TRI,438,262,2009-11-05,2020-05-28,387,220
HK,437,298,2009-08-13,2019-07-22,362,240
WPX,437,307,2011-12-01,2020-06-11,366,265
PHG,436,303,2010-01-25,2020-06-11,346,232
ALU,436,277,2009-08-10,2017-10-30,339,209
PPC,436,269,2009-12-29,2020-06-08,400,240
VSLR,434,230,2014-08-26,2020-06-11,403,206
PFPT,434,244,2012-04-20,2020-05-13,420,235
TRGP,433,286,2011-01-18,2020-06-11,360,242
PAAS,432,305,2009-08-10,2020-06-05,363,251
NSM,431,223,2009-08-12,2018-07-30,346,181
DK,431,289,2010-11-02,2020-06-09,370,247
LNC,431,320,2009-08-18,2020-06-11,285,217
LZB,430,194,2009-11-18,2020-06-05,395,163
SNI,430,278,2009-08-10,2018-03-05,367,228
GOL,429,321,2009-08-17,2020-06-11,316,234
MMP,429,318,2009-08-12,2020-06-11,359,268
WGO,429,206,2009-08-18,2020-06-10,377,166
WBMD,428,217,2009-12-15,2017-07-25,404,197
SLW,427,297,2009-10-06,2017-05-09,309,213
MMI,427,212,2011-01-24,2020-06-10,392,192
BTI,427,287,2009-08-17,2020-06-09,372,244
VSTM,427,256,2012-01-27,2020-05-11,381,234
AEZS,426,274,2009-09-16,2020-06-08,400,252
FLIR,426,278,2009-08-17,2020-06-09,302,199
XLU,426,390,2009-08-16,2020-06-01,375,341
PTLA,425,241,2013-05-22,2020-05-22,381,219
CPA,424,284,2009-08-07,2020-06-10,364,232
RNG,424,229,2013-08-26,2020-06-11,366,192
PDCO,424,240,2009-08-17,2020-05-18,376,204
KERX,424,247,2009-09-16,2018-12-13,400,228
PCYC,424,256,2010-01-13,2016-08-22,403,237
EV,423,274,2009-08-10,2020-06-03,323,204
MDP,423,268,2009-12-09,2020-06-11,365,222
TOPS,423,238,2010-05-14,2020-06-09,343,194
SNCR,423,229,2009-11-02,2020-06-09,376,201
LEDS,423,222,2010-12-09,2020-05-21,388,207
RMD,423,286,2010-02-08,2020-06-10,389,257
RARE,422,263,2014-01-30,2020-06-01,398,244
L,421,184,2009-08-06,2020-06-11,258,127
PERY,421,211,2009-08-28,2018-10-18,394,191
APOL,421,181,2012-03-27,2017-02-01,421,181
CDNS,420,257,2009-07-27,2020-06-03,346,204
PE,420,270,2014-05-12,2020-06-11,336,223
CPRX,420,240,2009-10-01,2020-05-13,403,230
LOGM,419,203,2009-10-28,2020-04-23,379,172
PCRX,419,262,2011-02-03,2020-06-01,395,246
AVB,419,294,2009-10-21,2020-06-05,347,236
VNDA,419,281,2009-08-17,2020-06-09,360,238
PKG,419,221,2009-10-09,2020-05-26,386,195
NFX,418,275,2010-01-14,2019-02-14,360,234
XLB,417,349,2009-09-03,2020-04-29,345,287
SGYP,416,230,2011-05-16,2019-03-05,416,230
HSIC,415,261,2009-08-17,2020-05-18,362,219
SCVL,415,192,2009-10-26,2020-05-20,389,171
AAN,415,224,2009-08-10,2020-06-10,346,177
SU,415,348,2009-09-08,2020-06-11,295,251
SYT,414,230,2009-10-23,2018-01-08,390,208
G,414,224,2009-08-06,2020-05-20,292,182
KIRK,414,182,2009-11-20,2020-06-04,340,140
GFI,414,333,2009-08-13,2020-06-09,341,276
DANG,411,242,2010-12-08,2017-05-24,340,208
IPI,411,281,2009-08-07,2020-06-04,339,225
GLNG,411,268,2009-12-23,2020-06-09,373,244
CCE,411,256,2009-10-28,2018-11-06,320,204
IFF,411,250,2009-08-17,2020-06-11,347,204
CXW,410,248,2009-08-07,2020-06-05,377,223
CAMP,410,198,2009-08-13,2020-05-13,381,179
CYTR,410,254,2009-11-23,2019-11-18,348,245
WPRT,410,229,2009-11-04,2020-06-08,370,195
VSI,410,237,2009-12-07,2019-12-10,392,224
IACI,410,241,2009-08-10,2016-07-27,366,205
LINE,410,229,2009-08-07,2016-05-12,367,193
FLT,410,252,2010-12-22,2020-06-05,378,225
TFM,409,179,2010-11-05,2016-04-27,402,176
PWR,409,244,2009-08-07,2020-06-11,319,190
WATT,408,221,2014-03-25,2020-06-10,369,203
ERJ,408,268,2009-10-23,2020-06-08,307,206
COMM,406,201,2013-10-25,2020-06-05,378,184
IMPV,406,202,2011-10-28,2018-11-26,406,202
INFI,405,223,2010-02-11,2020-06-09,387,209
TROV,405,251,2012-06-13,2020-05-07,393,241
NPTN,405,230,2011-02-02,2020-06-11,365,210
RRD,404,246,2009-08-10,2020-06-10,356,209
ATML,404,237,2009-10-16,2017-04-04,344,200
SBAC,404,271,2010-02-23,2020-06-09,357,230
EBIX,404,258,2009-10-26,2020-06-08,362,225
CLSN,403,264,2009-09-28,2020-05-29,372,241
MASI,403,285,2009-12-23,2020-05-27,335,238
TRMB,403,279,2009-09-02,2020-06-09,350,235
QEP,402,274,2010-11-17,2020-06-11,352,247
NWS,402,284,2009-08-17,2020-05-08,285,194
BECN,402,215,2009-12-01,2020-05-08,349,178
PAYC,402,240,2014-04-11,2020-06-11,344,203
AGNC,402,305,2009-08-13,2020-05-21,306,234
LLTC,402,223,2009-08-07,2017-08-10,326,184
EPZM,401,224,2013-05-13,2020-06-01,388,214
IRWD,401,253,2010-02-01,2020-06-01,383,238
ALR,401,221,2010-11-17,2018-01-02,382,204
PDCE,400,275,2012-09-04,2020-06-09,351,246
JAKK,399,233,2009-12-23,2020-05-13,361,206
VNET,399,205,2011-04-21,2020-06-09,386,196
BCR,399,213,2009-08-07,2018-03-06,338,172
SON,399,239,2010-04-01,2020-05-21,354,210
CNQ,398,316,2009-08-14,2020-06-10,314,250
CLB,398,255,2009-12-23,2020-06-08,342,211
STO,398,313,2009-08-17,2018-04-30,320,248
CUB,397,282,2009-08-10,2020-05-21,358,250
ADC,397,296,2009-08-18,2020-06-10,323,243
MOV,396,165,2009-09-04,2020-06-09,348,133
BC,396,245,2009-08-07,2020-06-10,306,207
STNG,396,286,2011-05-11,2020-06-09,355,264
HSBC,396,283,2011-05-11,2020-06-11,333,244
HELE,396,192,2009-12-23,2020-04-30,345,158
DY,395,168,2010-02-24,2020-05-21,348,141
RMTI,395,248,2009-09-30,2020-05-26,365,223
IDTI,395,230,2009-08-17,2019-02-07,372,211
SHOO,395,233,2009-09-13,2020-06-03,333,187
LPI,395,282,2011-12-15,2020-06-11,358,257
PTR,394,328,2009-10-28,2020-05-22,265,222
HEAR,394,204,2014-05-14,2020-06-10,371,192
PGNX,394,245,2010-03-21,2020-05-18,374,227
CANF,393,227,2013-12-05,2020-06-11,337,198
AIR,393,233,2009-09-08,2020-06-09,333,185
RPM,393,220,2009-08-07,2020-06-05,322,170
AMP,393,291,2009-09-30,2020-06-08,295,217
IBIO,393,237,2011-02-10,2020-06-05,332,210
TCO,392,273,2009-08-10,2020-06-11,335,233
MAN,392,229,2009-08-14,2020-06-05,321,174
VRSN,392,258,2009-07-27,2020-04-27,294,190
VWO,392,341,2009-10-18,2020-03-31,347,300
GPC,392,223,2009-08-17,2020-06-11,339,183
CPN,392,251,2009-08-10,2018-02-22,341,210
BAS,391,278,2009-08-25,2019-12-12,375,264
ATU,391,178,2009-08-07,2019-09-27,363,156
TGTX,391,243,2012-11-08,2020-05-29,350,223
TZOO,390,227,2009-06-06,2020-06-08,352,195
AGIO,390,235,2013-07-16,2020-06-09,369,220
FLO,390,207,2009-11-11,2020-05-21,353,184
EROS,390,235,2013-12-09,2020-06-11,357,216
OCUL,389,213,2014-06-20,2020-06-08,353,194
AAOI,389,206,2013-09-26,2020-05-11,371,196
FLS,389,260,2009-08-10,2020-06-10,311,203
META,389,86,2020-02-19,2020-06-10,16,6
OLED,389,213,2013-07-29,2020-05-28,382,207
CG,388,283,2014-11-21,2020-06-05,346,250
XOMA,388,244,2010-03-21,2020-05-05,354,222
RENT,388,293,2010-03-16,2016-01-31,381,286
TSS,388,263,2009-08-13,2019-09-27,355,233
WLK,387,216,2010-02-23,2020-06-11,331,178
WPZ,387,273,2010-01-19,2018-08-10,341,234
OPTT,387,214,2009-09-09,2020-06-08,366,196
TRN,387,277,2009-08-10,2020-06-11,348,242
FCS,386,196,2009-08-17,2017-04-11,321,152
THS,386,229,2009-12-10,2020-05-28,349,200
FOX,385,282,2013-08-07,2020-06-10,337,248
CAM,384,228,2009-08-07,2016-05-09,283,184
TAL,384,257,2010-02-26,2020-06-09,326,216
RIGL,383,199,2010-02-16,2020-06-08,358,182
IDRA,383,258,2010-03-24,2020-06-02,360,242
KIM,382,279,2009-11-17,2020-06-11,279,198
WBC,382,245,2009-10-26,2020-05-29,352,221
MTG,382,268,2009-08-07,2020-06-11,293,197
KCG,381,190,2010-07-22,2017-04-21,366,177
KITE,381,207,2014-06-11,2018-01-30,381,207
TTEK,381,260,2009-08-13,2020-06-10,333,223
TREE,380,220,2010-10-29,2020-05-13,345,202
MHK,380,235,2009-08-13,2020-05-28,322,192
MEET,380,211,2012-06-05,2020-05-06,357,201
XLRN,379,234,2013-09-18,2020-06-02,341,210
KOS,379,249,2011-06-20,2020-06-11,331,216
SFUN,379,236,2010-12-22,2020-06-04,371,230
PFG,378,283,2009-08-16,2020-06-11,272,206
GEO,378,240,2009-10-20,2020-06-11,340,203
CVE,378,291,2010-02-22,2020-06-10,320,246
MARA,378,222,2013-06-25,2020-06-10,352,204
RES,377,256,2009-08-12,2020-06-11,318,209
EBS,377,271,2009-10-09,2020-06-09,321,233
NDSN,376,203,2009-12-17,2020-06-08,330,168
LII,376,201,2010-03-25,2020-04-21,337,174
UDR,375,245,2009-10-28,2020-06-11,302,184
KOL,375,332,2009-09-08,2020-04-24,271,238
IBKR,375,254,2009-10-08,2020-06-04,317,210
OXM,374,161,2009-12-08,2020-06-10,331,134
TITN,374,167,2010-04-15,2020-05-28,338,143
MNK,374,258,2013-07-01,2020-06-11,344,237
WEC,374,250,2010-02-02,2020-06-11,312,205
SCSS,373,192,2009-08-28,2017-11-01,348,173
CATO,373,213,2010-02-01,2020-05-27,351,196
TTOO,373,201,2014-07-28,2020-06-03,303,166
EGHT,373,216,2010-01-04,2020-06-10,322,192
IART,372,247,2010-01-04,2020-05-15,331,215
ITT,372,224,2009-08-13,2020-05-27,265,151
AEE,372,246,2009-08-14,2020-06-09,306,197
XEL,372,266,2009-08-18,2020-06-11,317,221
CCJ,371,277,2009-08-10,2020-05-27,316,232
CYTK,371,247,2009-09-28,2020-05-27,331,220
RDY,371,291,2009-09-25,2020-06-11,307,237
AG,370,291,2009-08-07,2020-06-03,297,244
TEL,370,245,2009-12-30,2020-06-11,290,182
ABB,370,260,2009-11-27,2020-06-03,287,198
LPSN,369,198,2009-08-25,2020-06-04,329,175
GALE,369,219,2011-10-25,2017-12-29,369,219
TD,369,233,2009-08-07,2020-06-11,262,155
SLM,369,262,2009-08-13,2020-06-05,284,197
MANT,369,285,2009-11-12,2020-06-10,317,239
LLNW,369,225,2009-07-27,2020-06-08,298,183
POST,368,232,2012-02-06,2020-05-11,358,224
RSG,368,261,2009-08-14,2020-06-11,304,212
DRRX,368,221,2010-03-21,2020-05-27,340,202
GALT,368,248,2012-03-23,2020-05-11,350,236
ARW,368,251,2009-08-07,2020-06-03,283,190
SF,367,242,2009-08-12,2020-05-20,308,201
QLIK,366,205,2010-08-25,2016-09-01,347,189
IOC,366,207,2009-08-13,2017-02-21,334,181
MLM,366,248,2009-08-17,2020-05-22,310,203
CBST,366,210,2009-08-18,2015-01-23,319,170
EXK,366,287,2009-08-13,2020-06-11,319,245
ARQL,366,230,2010-03-21,2019-12-23,356,221
STMP,366,193,2010-10-29,2020-05-11,353,182
RLGY,365,232,2012-10-11,2020-06-11,320,197
BBG,365,234,2009-08-13,2018-03-19,350,221
TFX,365,227,2009-08-18,2020-06-02,330,204
FRC,365,231,2010-11-24,2020-06-11,307,194
THOR,364,209,2009-11-05,2019-12-27,311,170
BAM,364,259,2009-08-07,2020-06-09,286,195
SQNM,363,242,2009-09-10,2016-08-23,287,192
CR,363,200,2009-08-07,2020-04-29,329,172
RDHL,363,224,2013-10-22,2020-06-10,299,197
MFRM,362,121,2011-06-10,2019-05-29,362,121
MHR,362,234,2009-08-12,2015-11-03,333,209
CVM,362,270,2009-08-13,2020-05-11,323,242
KND,362,211,2009-12-17,2018-06-27,332,192
TLYS,361,158,2012-05-04,2020-06-04,333,139
EGPT,361,235,2010-03-19,2020-02-14,295,195
EXPD,360,234,2009-08-16,2020-05-26,279,176
HXL,360,216,2009-08-10,2020-06-11,298,170
RDN,360,272,2009-08-07,2020-06-11,274,200
GWRE,360,174,2011-10-28,2020-06-04,336,165
SMRT,360,218,2010-03-05,2020-06-10,313,188
ARRS,360,227,2009-10-06,2019-04-03,316,196
NVCN,359,190,2014-10-09,2020-06-03,327,167
MTOR,359,232,2011-04-06,2020-06-11,341,217
MAA,359,272,2009-08-07,2020-06-08,270,194
HEI,358,203,2010-05-25,2020-06-11,312,174
BDSI,358,251,2010-01-12,2020-06-08,334,233
APH,358,202,2009-08-07,2020-06-05,303,157
TEF,358,285,2009-09-07,2020-06-11,266,207
ZBRA,357,209,2010-02-09,2020-06-03,327,189
ITUB,356,288,2009-09-30,2020-06-11,258,207
AMX,356,271,2009-08-14,2020-06-05,288,209
JNS,356,207,2009-10-22,2017-05-18,297,165
GLBS,356,199,2011-05-18,2020-06-09,321,178
ONVO,356,198,2013-03-08,2020-05-28,342,187
MACK,355,226,2012-03-29,2020-05-08,343,216
LSCC,355,241,2009-08-13,2020-06-08,312,207
CFG,355,225,2014-09-08,2020-06-10,303,185
ZAYO,354,203,2014-09-25,2020-02-18,354,203
RT,354,149,2009-08-10,2019-08-13,314,124
DCIX,354,200,2011-05-09,2020-03-19,351,197
WCN,353,221,2009-10-26,2020-06-11,310,185
CECO,353,257,2009-08-13,2019-11-06,260,191
SBLK,353,239,2009-08-07,2020-05-26,327,215
LSTR,352,229,2009-10-15,2020-05-01,305,196
GIL,352,192,2009-08-13,2020-06-11,308,160
TPC,352,248,2009-08-12,2020-06-11,292,208
BMO,351,205,2009-08-07,2020-06-05,266,148
DHT,351,254,2010-05-17,2020-05-28,295,214
DEO,351,266,2009-08-17,2020-06-01,289,216
LXK,351,191,2009-10-20,2017-04-06,294,154
NEPT,351,223,2010-09-02,2020-06-10,286,186
QSII,350,225,2009-08-17,2018-09-07,276,166
OWW,350,207,2009-08-25,2016-08-03,299,171
SAEX,350,202,2013-08-26,2020-06-09,327,185
SNV,350,247,2009-08-14,2020-06-11,227,148
AUXL,349,182,2009-12-16,2015-01-21,304,146
HTBX,349,208,2013-07-10,2020-06-08,286,172
COLM,349,213,2009-08-12,2020-05-01,313,186
OLN,349,235,2009-07-27,2020-06-09,289,188
AGO,349,274,2009-08-10,2020-06-09,256,196
FXCM,348,191,2010-12-22,2017-02-21,341,186
GSAT,348,213,2009-11-05,2020-06-03,329,199
WOR,348,199,2009-09-29,2020-06-05,312,176
MSCI,347,261,2010-07-07,2020-05-12,312,234
VIVO,347,243,2009-11-12,2020-06-10,294,205
AGRX,347,178,2014-03-17,2020-05-08,326,166
CHH,347,227,2010-01-08,2020-05-28,280,182
OMI,347,182,2010-03-09,2020-06-10,294,157
CFX,347,208,2009-12-07,2020-06-10,308,178
SANM,347,184,2009-09-07,2020-04-29,301,155
HMY,346,252,2009-09-02,2020-06-05,288,206
DIN,346,227,2009-07-27,2020-06-10,269,173
CNW,346,162,2009-07-27,2016-08-04,214,126
AGEN,346,224,2009-08-07,2020-06-10,316,201
ROP,346,171,2010-01-07,2020-06-05,314,152
BRKR,345,237,2009-09-23,2020-05-07,306,205
WMGI,345,194,2010-03-10,2020-04-27,310,167
FUL,345,205,2009-09-23,2020-04-17,301,173
AVY,345,209,2009-10-27,2020-04-30,302,173
AER,344,254,2009-08-13,2020-06-10,275,198
SWIR,344,166,2009-09-01,2020-05-07,283,132
TRXC,343,185,2014-11-07,2020-06-08,317,172
CPST,343,279,2009-08-13,2020-05-28,321,259
ESS,343,261,2009-10-28,2020-05-27,290,216
AME,343,213,2009-08-18,2020-06-05,286,169
MNOV,343,235,2010-08-03,2020-04-21,317,218
MRNS,343,176,2014-07-18,2020-06-01,324,165
MTH,343,245,2009-09-24,2020-06-11,300,215
DDR,342,250,2009-08-13,2018-10-09,308,220
VSAT,342,239,2009-08-07,2020-05-27,297,201
BBD,342,276,2009-08-17,2020-06-09,239,197
MGNX,342,194,2013-09-04,2020-06-05,278,165
MLHR,342,138,2009-12-17,2020-05-22,320,125
EHTH,342,178,2009-08-10,2020-06-09,290,149
TBT,341,281,2009-08-17,2019-08-23,166,155
SCHN,341,199,2009-08-18,2020-04-02,307,169
ONTX,341,203,2013-07-25,2020-06-10,326,192
IIVI,340,187,2009-12-11,2020-06-09,285,158
MSM,340,187,2009-08-30,2020-06-11,304,160
OTEX,339,200,2009-11-06,2020-04-30,303,175
TS,339,269,2009-08-07,2020-06-11,271,214
MSCC,338,190,2009-11-13,2018-05-30,309,175
EUO,338,271,2009-10-27,2016-10-12,255,199
PNK,338,226,2009-11-11,2018-10-02,302,194
LPNT,338,195,2010-01-13,2018-11-13,310,173
OIH,337,288,2009-10-08,2019-12-03,181,165
KOOL,337,205,2010-06-24,2019-10-31,331,200
ROSE,337,219,2009-11-13,2020-06-10,272,171
VG,337,227,2009-08-14,2020-06-11,293,194
ICON,337,229,2009-08-10,2020-06-10,302,197
QURE,336,206,2014-01-02,2020-05-14,326,196
VRSK,336,255,2009-11-18,2020-06-04,298,224
GEF,336,185,2010-04-21,2020-06-05,311,166
FN,336,163,2010-11-01,2020-06-08,327,157
CPRT,335,241,2010-01-07,2020-05-26,287,201
TROX,335,234,2012-06-18,2020-06-11,308,216
WCC,335,221,2010-06-14,2020-06-11,294,185
TKR,335,229,2010-07-19,2020-05-04,310,207
HSP,335,222,2009-08-18,2016-06-10,273,176
ZFGN,334,162,2014-06-16,2020-06-02,328,156
PLCM,334,175,2009-08-17,2016-09-27,281,138
CVA,334,236,2009-08-13,2020-05-13,268,190
HTHT,333,222,2010-05-14,2020-06-01,294,191
PWRD,333,169,2009-08-14,2015-07-28,263,117
PRIM,333,277,2010-03-11,2020-06-01,315,262
CCK,332,232,2009-11-18,2020-05-16,282,188
MTDR,332,236,2012-02-02,2020-06-11,268,204
FPRX,332,222,2013-09-04,2020-05-29,316,210
CYTX,332,245,2009-11-25,2019-07-29,308,223
PDLI,332,232,2009-08-17,2020-05-27,268,184
EGLE,332,243,2009-08-17,2020-06-09,277,199
RGLD,331,274,2009-11-06,2020-05-28,291,239
MGLN,331,208,2009-12-15,2020-06-01,285,176
OIS,331,245,2010-01-07,2020-06-11,279,206
BGFV,331,190,2010-01-13,2020-06-09,289,159
SIVB,331,225,2009-11-19,2020-06-09,283,188
XL,331,248,2009-08-13,2018-09-18,274,202
JCOM,330,213,2010-01-22,2020-05-14,290,185
ATW,330,223,2009-08-12,2017-10-06,289,189
MVIS,330,214,2009-09-23,2020-05-27,234,162
CBLI,330,193,2009-08-17,2020-06-02,284,167
PNM,330,232,2009-08-11,2020-06-05,292,197
VC,330,211,2012-11-05,2020-06-11,320,203
GNRC,329,203,2010-03-30,2020-06-02,312,187
INFA,329,146,2010-03-11,2016-06-01,303,128
NVRO,329,158,2014-10-27,2020-06-08,297,144
PTX,329,199,2010-12-20,2019-03-05,325,195
AMZN,329,41,2020-04-27,2020-06-10,0,0
LMCA,329,199,2011-12-07,2017-02-08,329,199
AKAO,328,171,2014-02-25,2019-04-25,328,171
EXTR,327,171,2011-05-05,2020-06-08,301,151
CGIX,327,214,2013-03-04,2020-06-01,319,207
PPO,325,171,2009-08-10,2015-08-20,260,119
AL,325,266,2011-04-19,2020-06-10,283,230
AOS,325,185,2010-03-02,2020-06-08,277,150
SPB,324,201,2010-04-15,2020-04-30,307,185
KMT,324,211,2010-03-15,2020-06-11,294,183
ADMS,324,191,2014-04-07,2020-06-08,307,180
MDC,324,228,2009-08-13,2020-06-05,275,188
HCN,323,228,2009-08-18,2018-02-23,273,188
CMS,323,255,2009-08-07,2020-05-27,241,187
BONT,322,188,2009-11-20,2018-04-18,296,170
LJPC,322,199,2009-08-18,2020-06-02,299,179
SAFM,322,201,2009-12-08,2020-06-03,248,150
LAZ,321,246,2009-08-27,2020-05-06,260,193
ACHC,320,185,2011-12-05,2020-05-18,295,167
PLT,320,181,2009-11-30,2020-06-08,264,142
TRNX,319,184,2011-02-08,2020-04-30,275,161
CCXI,319,183,2012-02-08,2020-06-10,280,159
CHU,318,264,2009-08-17,2020-05-29,266,218
WDFC,318,143,2009-10-15,2020-04-13,290,123
SMH,318,286,2009-09-17,2020-05-13,219,198
TWOU,318,155,2014-03-25,2020-06-09,289,133
CW,318,202,2009-08-14,2020-05-08,290,180
VIP,318,224,2009-08-12,2018-02-27,255,173
CYOU,318,188,2009-10-14,2020-04-14,283,165
DPLO,317,166,2014-08-19,2020-01-16,317,166
WBS,317,198,2009-08-18,2020-06-11,240,145
XXII,317,230,2013-09-09,2020-06-08,309,222
PACB,317,202,2010-12-06,2020-06-10,288,178
AIZ,316,240,2010-02-03,2020-06-03,277,208
CONE,316,214,2013-01-18,2020-06-03,299,200
PAG,315,241,2009-08-07,2020-06-09,273,208
WAT,315,177,2009-08-14,2020-04-29,280,150
UIS,315,219,2009-08-14,2020-05-27,274,188
TI,314,219,2009-08-13,2020-02-13,292,197
HUBG,314,211,2010-01-15,2020-05-04,267,183
UFS,314,212,2009-08-25,2020-06-05,261,170
CRK,314,227,2009-08-13,2020-06-10,264,191
WWAV,314,167,2012-10-26,2017-04-06,314,167
SRCL,314,208,2009-10-26,2020-06-10,271,176
NNVC,314,143,2012-08-13,2020-06-10,239,108
NXST,313,225,2010-01-22,2020-05-20,293,210
GENE,313,203,2010-06-24,2020-05-27,280,184
BIO,313,229,2009-10-22,2020-06-03,258,184
TDW,313,207,2009-08-10,2020-06-05,275,172
NGL,312,200,2011-06-23,2020-06-11,256,166
ULTI,312,180,2010-02-10,2019-05-01,288,164
SSL,312,191,2009-08-10,2020-06-11,161,120
MTSI,312,172,2011-10-21,2020-06-05,300,164
RGEN,311,202,2009-12-09,2020-05-27,279,179
BLRX,311,197,2011-07-25,2020-06-01,298,189
CEVA,311,207,2009-09-08,2020-06-05,269,181
AEIS,311,206,2009-10-21,2020-05-07,281,182
IVR,311,212,2009-08-10,2020-06-11,200,150
DOX,311,194,2009-09-16,2020-05-11,249,145
AAWW,310,212,2009-12-12,2020-06-08,256,174
AXTA,310,192,2014-10-30,2020-05-27,273,166
HRC,310,190,2009-11-12,2020-05-04,278,161
POM,310,145,2009-10-27,2016-09-15,260,109
XYL,310,194,2011-10-24,2020-06-11,274,169
HUBS,310,162,2014-08-25,2020-06-02,281,147
CHGG,310,147,2013-08-14,2020-06-05,259,126
SPEX,309,188,2009-09-16,2020-03-13,245,166
SNSS,309,209,2009-12-11,2020-06-10,284,193
IPAR,309,197,2009-11-10,2020-05-13,263,167
DLB,309,190,2009-11-03,2020-05-05,258,150
ZMH,309,205,2009-08-14,2016-06-07,231,144
RYAAY,309,231,2009-12-03,2020-06-03,231,164
AMCX,309,190,2015-02-26,2020-06-10,284,174
DCI,309,155,2009-11-19,2020-06-05,258,123
CDNA,308,200,2014-07-07,2020-06-10,285,182
OZRK,308,184,2010-01-14,2018-07-13,282,163
USG,308,222,2009-08-18,2019-08-15,279,194
BR,308,215,2009-08-10,2020-05-18,268,180
AB,308,243,2009-08-07,2020-05-12,231,188
FORM,308,218,2009-08-11,2020-06-04,273,192
SWI,308,191,2009-10-20,2020-05-01,277,166
SKT,307,212,2009-08-10,2020-06-11,253,173
SIMO,307,210,2010-04-16,2020-05-19,291,197
ECYT,307,156,2011-03-17,2018-12-20,307,156
AXS,307,222,2009-09-22,2020-05-18,258,192
AXAS,307,229,2009-10-06,2020-06-10,251,188
BP,306,196,2018-09-05,2020-06-10,214,149
CRTO,306,159,2013-10-29,2020-06-04,275,141
RJF,306,251,2009-08-16,2020-06-11,240,197
LOPE,306,183,2009-10-28,2020-05-07,255,142
AWI,306,171,2009-10-28,2020-05-28,281,154
APOG,306,150,2009-12-17,2020-05-29,257,116
HIIQ,306,179,2013-02-08,2020-03-06,293,175
LPLA,305,220,2010-11-23,2020-06-09,273,196
AREX,305,230,2010-08-04,2019-11-19,297,223
CLD,305,223,2010-10-13,2019-03-26,284,206
AUPH,305,170,2015-02-02,2020-06-05,291,159
ITCI,305,163,2014-08-12,2020-05-07,293,153
STRA,305,190,2009-10-29,2020-04-30,211,128
TYL,305,250,2009-11-12,2020-06-09,275,220
SCG,305,173,2011-05-23,2018-12-27,305,173
ZQK,304,145,2009-08-14,2015-09-09,267,118
IGC,304,149,2009-08-13,2020-04-29,298,143
RHI,304,193,2009-08-18,2020-06-11,255,152
ESL,303,180,2009-08-13,2019-03-12,280,161
IPGP,303,162,2009-12-09,2020-06-10,270,143
LAMR,303,194,2009-11-05,2020-06-10,264,163
BGCP,303,212,2010-03-10,2020-06-05,268,186
LAD,303,182,2009-10-06,2020-06-02,275,162
CLRB,303,188,2014-08-20,2020-06-10,282,177
GHDX,302,206,2010-01-08,2019-11-07,272,184
LPCN,302,177,2014-05-13,2020-05-27,288,164
PKI,302,214,2009-08-13,2020-06-11,247,171
NETE,302,181,2012-10-24,2020-06-04,285,172
GPI,301,226,2009-08-07,2020-05-18,263,193
RDUS,301,204,2014-04-25,2020-05-13,280,190
PCP,301,175,2009-08-13,2017-04-25,256,138
BLCM,301,189,2014-11-18,2020-06-03,282,174
PBY,300,135,2009-12-04,2016-11-17,275,119
CEL,300,220,2009-08-13,2020-06-10,260,185
OHI,300,211,2009-08-17,2020-06-11,259,179
HEB,300,219,2009-10-08,2019-08-22,284,204
NCMI,300,180,2009-10-20,2020-06-05,265,155
KFY,300,120,2010-03-10,2020-05-21,270,102
APRI,300,205,2010-09-29,2019-01-25,288,194
ONNN,300,189,2009-10-06,2015-04-07,232,141
LPL,299,239,2009-08-17,2020-03-19,276,217
GNCA,299,149,2013-12-23,2020-05-29,273,133
HAE,299,178,2009-12-02,2020-06-03,259,147
MNRO,299,163,2009-12-16,2020-05-29,263,131
AEGR,299,165,2011-03-28,2016-11-17,299,165
KEYS,298,172,2014-11-04,2020-06-11,258,146
BNS,298,195,2009-08-16,2020-06-05,240,144
WUBA,298,176,2013-10-31,2020-05-07,288,169
OSUR,298,176,2009-11-17,2020-06-10,239,138
RBC,298,189,2009-08-07,2020-05-18,234,144
PETS,297,174,2009-08-11,2020-05-04,250,138
CBK,297,155,2009-12-11,2019-04-18,273,134
EC,297,263,2009-08-12,2020-06-10,205,181
HLX,297,208,2010-02-26,2020-06-11,226,163
HQY,297,153,2014-07-16,2020-06-04,264,137
TRW,297,173,2009-08-18,2016-01-25,241,131
RPRX,297,193,2009-08-08,2018-01-26,279,179
NLS,297,184,2010-08-16,2020-06-11,250,157
ISIL,296,169,2009-07-27,2017-02-24,251,140
NS,296,217,2009-08-10,2020-06-11,235,173
DBVT,296,159,2014-09-22,2020-06-10,246,134
HAR,296,179,2009-08-17,2017-04-19,262,157
FXF,296,212,2009-12-18,2017-07-13,270,190
WIX,296,148,2013-10-02,2020-06-09,249,127
SKUL,296,151,2011-07-18,2016-08-24,296,151
ADMP,296,191,2011-09-22,2020-06-08,279,176
CYCC,296,191,2009-12-15,2020-06-10,250,165
FNF,295,205,2009-08-17,2020-06-10,245,169
WPC,295,235,2009-07-27,2020-06-11,260,205
SEAC,295,144,2009-09-01,2020-05-29,270,125
CSOD,295,187,2011-03-17,2020-06-08,288,180
KAR,295,188,2010-01-20,2020-06-11,257,156
TREX,294,167,2011-03-29,2020-06-11,259,145
TW,294,155,2010-07-20,2020-06-11,256,126
WILN,294,199,2011-06-10,2017-06-01,294,199
ANTH,294,175,2010-04-23,2020-03-24,285,166
MNGA,293,206,2010-09-01,2019-02-19,292,205
HSC,293,208,2009-08-10,2020-06-08,252,173
JLL,293,226,2009-08-27,2020-06-01,253,187
PRXL,293,184,2009-08-14,2017-09-29,269,163
RWLK,292,150,2014-07-10,2020-06-04,277,140
HMSY,292,173,2010-01-05,2020-05-12,272,156
RVNC,292,176,2014-01-27,2020-06-01,282,167
CRR,292,206,2009-09-23,2020-03-30,271,186
MENT,292,154,2009-08-07,2017-11-27,263,135
BPTH,292,137,2010-11-24,2020-05-29,274,125
TNK,292,198,2009-08-17,2020-05-28,237,154
RJET,292,197,2009-08-16,2016-03-25,257,172
WDR,292,199,2009-08-10,2020-06-05,234,154
MDAS,291,170,2009-12-09,2016-01-26,239,139
DENN,291,213,2009-11-04,2020-06-10,219,159
DAR,290,203,2010-01-08,2020-06-05,254,174
LTM,290,186,2010-01-12,2020-06-09,205,132
AMED,290,183,2014-07-30,2020-06-01,278,175
BV,290,161,2012-02-24,2020-06-10,282,154
WNR,290,198,2009-07-17,2017-05-25,260,172
AMAG,290,170,2015-05-20,2020-05-29,270,159
MPWR,289,200,2010-02-03,2020-06-05,246,170
NAVB,289,185,2012-01-20,2020-06-03,267,173
WEX,288,193,2009-08-12,2020-05-28,260,173
PSUN,288,149,2009-10-13,2016-08-19,241,115
HNT,288,191,2009-09-10,2016-11-11,239,150
OKS,288,216,2009-10-29,2017-06-30,252,189
RVLT,288,195,2013-04-17,2020-03-23,283,190
KEG,288,219,2009-12-23,2019-11-26,263,197
Q,288,143,2009-05-29,2017-11-13,87,65
MPW,287,217,2010-01-29,2020-06-11,248,186
ST,287,192,2010-03-24,2020-06-11,245,161
REG,287,207,2009-08-10,2020-06-11,238,165
PSO,287,207,2009-08-14,2020-05-27,240,171
GDP,287,183,2011-11-28,2020-05-07,280,177
TX,286,157,2009-08-07,2020-05-20,169,125
EPI,286,265,2009-08-13,2019-08-13,222,207
BPI,286,187,2009-08-07,2019-03-12,243,148
ALSN,286,186,2012-03-12,2020-05-26,264,167
NICE,286,175,2009-08-14,2020-06-04,240,136
GVA,286,214,2009-08-18,2020-05-21,243,178
SBNY,286,179,2010-01-25,2020-06-08,245,149
SLGN,286,179,2010-01-07,2020-04-29,246,147
SGY,285,180,2009-08-10,2018-05-03,270,166
CIE,285,178,2010-08-30,2017-12-14,281,174
AZZ,284,144,2010-01-15,2020-05-04,261,125
AGTC,284,139,2014-01-10,2020-05-20,277,133
LIVE,284,176,2009-08-07,2020-05-29,267,164
IDXX,284,198,2010-01-13,2020-06-04,251,169
TRCO,283,167,2014-12-09,2019-09-19,283,167
SPTN,283,165,2010-02-12,2020-05-29,245,139
LNN,283,165,2009-12-22,2020-04-07,253,143
EGN,282,189,2010-06-04,2019-02-15,267,176
IDX,282,246,2009-09-27,2019-01-17,214,188
AFSI,282,173,2010-01-11,2018-11-29,266,160
BPL,282,191,2009-09-09,2019-10-21,240,156
HLS,281,197,2009-11-25,2017-11-21,239,159
ITC,281,193,2009-08-07,2016-10-11,233,153
CBB,281,176,2009-08-17,2020-05-06,258,158
CCO,281,193,2009-08-17,2020-06-10,230,161
FBHS,281,199,2011-10-03,2020-06-05,258,185
PSEC,281,197,2009-10-05,2020-06-08,248,171
TCK,280,213,2009-08-12,2016-11-30,214,156
CVLT,280,183,2009-10-24,2020-06-08,227,142
BLOX,280,108,2012-04-20,2016-11-14,280,108
RRTS,280,186,2011-07-21,2020-04-17,271,180
USD,280,199,2009-08-07,2017-03-30,72,54
FTK,280,199,2009-08-10,2020-05-20,249,172
BLDR,279,210,2010-02-22,2020-06-05,239,176
LMNX,279,182,2010-01-12,2020-05-11,233,143
AIV,279,208,2009-08-14,2020-06-05,237,170
AVID,279,181,2009-08-07,2020-06-03,242,154
SEED,279,181,2009-09-17,2020-06-10,202,133
GNTX,279,178,2009-08-18,2020-04-24,243,153
GNMK,279,144,2010-07-12,2020-05-08,166,107
TIME,279,153,2014-05-27,2018-02-07,279,153
ATK,279,196,2009-08-28,2015-03-04,240,167
CPT,279,216,2009-08-10,2020-05-26,231,178
DRNA,279,183,2014-01-28,2020-05-13,260,169
NTGR,279,173,2010-01-08,2020-04-24,237,146
NURO,279,186,2009-11-05,2020-06-10,241,159
TSEM,278,162,2009-08-31,2020-05-14,252,145
IM,278,192,2009-08-07,2017-04-10,240,162
SXC,278,178,2009-09-15,2020-05-14,259,164
SPWH,278,129,2014-04-12,2020-06-05,254,116
NSPR,277,165,2013-04-23,2020-06-04,259,156
ALLT,276,165,2009-11-11,2020-05-12,258,150
CLGX,276,203,2010-08-03,2020-05-04,248,180
FGP,276,175,2009-09-24,2020-01-03,255,155
INVN,275,167,2011-08-09,2017-08-10,275,167
EXR,275,212,2010-01-11,2020-06-05,245,187
SPA,275,223,2009-08-10,2019-03-01,219,173
PBCT,275,198,2009-11-13,2020-06-08,206,142
WIT,275,209,2009-10-12,2020-06-11,214,160
NBY,275,165,2011-04-12,2020-05-18,239,149
SCHL,275,133,2009-08-18,2020-03-23,233,103
NPSP,275,134,2010-03-21,2015-02-23,258,121
PAR,275,172,2009-08-18,2020-06-11,142,121
SHO,275,200,2009-08-07,2020-06-11,216,149
KALU,274,182,2010-02-09,2020-05-11,229,145
BSFT,274,119,2010-06-22,2018-01-22,259,105
QIWI,274,136,2013-04-19,2020-05-20,261,128
SNP,274,226,2009-11-20,2020-05-22,195,169
BIOS,274,182,2009-11-10,2020-01-28,257,168
MARK,274,168,2012-02-28,2020-06-10,186,128
ACST,273,146,2013-10-02,2020-05-19,255,131
ALIM,273,191,2010-08-18,2020-04-29,240,173
LGCY,273,191,2009-12-29,2019-06-24,258,179
POL,273,194,2009-10-16,2020-06-11,222,150
FIVN,273,157,2014-03-24,2020-06-09,235,137
BITA,273,182,2010-11-17,2020-05-21,260,173
PLTM,273,265,2010-03-29,2015-10-05,145,143
GEL,273,215,2009-08-18,2020-06-11,221,171
ONCY,273,190,2009-11-18,2020-05-29,236,162
ENOC,272,176,2009-08-25,2017-06-23,201,121
SSP,272,180,2009-08-10,2020-06-08,229,145
PPHM,272,146,2009-08-17,2018-01-05,263,138
VRML,272,182,2010-09-29,2020-06-10,218,147
PERI,272,160,2012-01-11,2020-05-27,257,151
MWE,272,191,2009-12-22,2015-12-22,232,157
ARDX,272,146,2014-05-19,2020-06-09,267,141
ATHX,272,167,2009-12-21,2020-05-12,197,133
CTLT,271,150,2014-07-18,2020-06-10,234,126
GTLS,271,184,2010-02-24,2020-06-02,236,159
USAT,271,179,2009-12-21,2020-05-11,262,170
CNO,271,210,2009-08-07,2020-06-09,213,165
FUN,271,212,2009-11-05,2020-06-11,217,169
VOYA,271,176,2013-05-02,2020-06-11,255,162
FIG,271,200,2009-08-17,2018-05-08,214,154
EYES,271,158,2014-08-12,2020-06-10,235,141
URI,270,159,2017-04-20,2020-06-11,228,131
ICFI,270,217,2009-08-31,2020-05-05,247,195
AVA,269,184,2009-08-13,2020-05-08,248,170
ARMK,269,149,2013-12-02,2020-06-10,228,123
KEX,269,155,2010-01-28,2020-05-05,250,138
TDY,269,184,2010-09-20,2020-05-14,248,167
THRX,269,153,2009-11-30,2016-01-08,248,136
SHIP,268,181,2009-08-13,2020-06-10,211,149
DQ,268,193,2010-01-25,2020-06-05,250,180
LNT,268,198,2010-01-22,2020-06-11,228,161
CPHD,268,133,2011-07-21,2016-10-24,268,133
HYG,268,240,2009-08-17,2020-06-01,241,214
FCN,268,183,2010-01-08,2020-05-18,213,140
ETH,268,190,2009-10-26,2020-05-13,240,164
OGE,267,193,2009-10-29,2020-06-11,219,154
LHCG,267,204,2010-01-05,2020-06-03,230,173
NCLH,267,185,2011-07-15,2020-06-09,200,150
TAN,267,216,2011-05-31,2020-02-20,267,216
AHT,267,219,2009-08-18,2020-06-10,227,181
MMSI,266,165,2010-05-14,2020-06-01,239,146
NOG,266,188,2010-06-22,2020-06-10,243,173
IEX,266,165,2011-08-26,2020-04-27,251,157
GIB,266,221,2009-11-27,2020-05-07,228,191
ACGL,265,204,2009-11-06,2020-06-10,204,155
TUES,265,147,2009-12-29,2020-06-09,222,122
EVHC,265,143,2013-08-11,2018-10-08,265,143
SSW,265,199,2009-09-07,2020-02-25,255,189
BDC,265,158,2009-08-10,2020-05-21,232,132
POR,265,166,2009-10-29,2020-05-12,229,138
APP,265,159,2009-08-15,2016-11-08,246,143
LAYN,265,127,2009-12-07,2018-06-13,252,121
GDXJ,264,224,2010-03-18,2020-06-09,173,148
ENLC,264,179,2014-03-13,2020-06-10,217,152
AMPE,264,166,2011-05-31,2020-05-22,258,162
CATM,264,193,2009-08-28,2020-05-21,230,169
IO,264,201,2009-08-10,2020-06-11,205,159
CORT,264,169,2010-05-04,2020-05-04,255,162
CIR,263,158,2010-02-26,2020-06-02,232,136
UCTT,263,167,2009-10-05,2020-04-30,236,151
ELLI,263,144,2011-11-11,2019-02-25,263,144
DNB,263,160,2010-01-04,2019-02-05,233,138
PAGP,263,192,2013-10-07,2020-06-11,232,166
OFC,263,201,2010-01-08,2020-06-11,226,166
CNHI,263,177,2013-11-01,2020-06-11,218,143
PANL,262,161,2011-03-21,2020-05-14,253,153
DIOD,262,168,2009-12-08,2020-06-01,225,142
PTIE,262,133,2010-03-21,2019-03-27,251,125
STWD,262,184,2010-08-11,2020-06-11,216,150
HLIT,262,160,2009-08-13,2020-06-01,228,139
ELX,262,161,2009-11-16,2015-05-12,207,122
ARCC,261,199,2009-10-08,2020-06-03,192,145
PRTK,261,164,2015-01-06,2020-05-11,251,156
BPOP,261,201,2009-08-07,2020-06-09,190,138
SRDX,261,187,2009-10-06,2020-06-08,219,158
CBAY,261,136,2014-07-09,2020-05-26,226,127
COOL,260,145,2010-09-01,2018-09-13,252,138
CMP,260,182,2009-09-01,2020-05-15,216,144
ENZ,259,176,2010-05-17,2020-06-09,212,152
CEMP,259,135,2012-02-03,2017-11-03,259,135
CALA,259,168,2014-08-25,2020-05-29,231,152
WTR,259,200,2009-11-30,2020-01-24,237,178
OCR,259,170,2009-08-17,2015-07-27,187,120
FLWS,258,166,2010-04-30,2020-06-02,224,140
EVR,258,207,2009-08-12,2020-06-04,218,174
VBLT,258,149,2014-09-30,2020-06-04,238,135
PLX,258,182,2009-11-02,2020-06-08,220,153
WRB,258,176,2010-01-11,2020-06-11,203,138
TWO,258,195,2010-07-08,2020-06-11,204,161
WAC,258,166,2010-03-09,2018-02-09,245,155
HTGC,258,204,2009-10-20,2020-06-11,214,167
JNK,258,230,2009-11-09,2019-03-04,219,191
ACE,258,198,2009-08-12,2016-02-16,197,148
CBG,257,211,2009-08-10,2018-03-12,195,159
EFII,257,165,2009-11-30,2019-07-24,244,153
ORIG,257,163,2011-10-06,2018-11-29,257,163
NERV,257,158,2014-06-20,2020-06-08,211,134
ANW,257,157,2009-11-17,2018-11-20,231,136
ACC,257,192,2009-08-07,2020-06-05,205,146
EVER,257,139,2012-05-23,2020-06-03,240,127
VNTV,256,155,2012-03-22,2018-01-12,256,155
SN,256,189,2011-12-14,2019-02-20,256,189
HIL,256,204,2010-05-06,2020-05-11,230,186
JAH,256,158,2009-11-10,2016-05-03,228,133
BEBE,256,166,2009-10-22,2018-01-16,229,141
OMED,256,157,2013-07-18,2019-04-23,256,157
MDSO,255,156,2009-11-13,2019-10-29,236,140
RBCN,255,164,2010-03-17,2019-05-14,216,134
RP,255,148,2010-12-10,2020-05-28,234,136
REGI,255,178,2011-07-18,2020-06-08,243,169
CGEN,255,160,2009-12-23,2020-06-05,193,127
EWBC,255,178,2009-08-10,2020-06-08,192,123
LEG,255,172,2009-11-16,2020-06-11,216,137
HGG,255,152,2009-12-21,2017-02-28,203,114
ATRS,254,178,2012-06-06,2020-05-13,231,161
CUR,254,175,2009-09-21,2019-10-31,249,170
VMI,254,179,2009-08-18,2020-06-09,226,155
FET,254,185,2011-10-21,2020-06-11,219,159
NEOG,253,178,2010-03-31,2020-05-18,230,162
JOE,253,183,2009-08-13,2020-05-20,157,126
AVNR,253,147,2009-08-13,2016-06-09,212,119
FOE,253,175,2009-08-10,2020-05-12,238,161
INDA,253,173,2012-08-08,2020-06-09,235,157
ICLR,253,171,2010-01-26,2020-04-24,223,149
SNN,253,181,2010-01-06,2020-05-28,211,144
RUBI,253,142,2014-03-31,2020-06-11,232,125
TA,253,161,2009-09-14,2020-05-21,226,139
GMED,253,147,2012-08-03,2020-05-21,234,137
UTIW,253,125,2009-12-08,2016-01-20,226,105
ISCA,253,118,2009-08-16,2019-10-08,234,103
MTD,253,149,2009-08-10,2020-05-11,213,122
BGG,252,142,2010-01-14,2020-06-10,220,119
ATRA,252,166,2014-06-20,2020-05-27,227,150
AMID,252,156,2011-07-18,2019-07-15,252,156
BTX,252,195,2011-01-06,2019-08-08,249,192
SAIA,252,160,2009-12-22,2020-06-05,211,133
INAP,252,186,2010-03-03,2020-03-25,235,174
EZPW,252,173,2009-08-17,2020-05-13,223,145
SMSI,251,157,2010-02-25,2020-05-07,216,133
CHA,251,208,2009-08-17,2020-04-09,222,180
CLMT,251,173,2010-01-25,2020-05-07,228,155
CUK,251,170,2009-09-23,2020-06-10,128,107
FAS,251,216,2009-08-16,2020-06-10,140,119
GLOG,250,184,2011-06-21,2020-06-09,225,165
CRNT,250,152,2009-11-11,2020-05-04,205,123
NLST,250,172,2009-11-12,2020-05-06,202,137
STML,250,166,2013-01-08,2020-05-13,214,149
AMD,250,104,2019-12-21,2020-06-10,117,42
WWD,250,142,2011-04-27,2020-05-05,233,130
VNM,250,224,2010-02-19,2019-12-04,181,165
HT,249,195,2009-08-07,2020-06-11,174,131
GPK,249,172,2010-06-10,2020-05-18,227,156
ALOG,249,123,2009-12-09,2018-06-21,236,114
SB,249,177,2009-08-07,2020-06-08,215,147
MEIP,249,141,2012-08-08,2020-06-02,214,126
AYR,249,184,2010-01-15,2020-03-25,226,164
TMH,249,150,2010-06-01,2017-02-06,245,146
SCMP,249,151,2010-03-16,2018-05-17,242,144
KOP,249,157,2010-02-17,2020-05-19,203,125
MOO,249,209,2009-10-19,2019-08-09,170,139
GPRE,249,176,2009-08-10,2020-05-21,194,144
ATHM,249,165,2013-11-04,2020-06-01,243,163
RCI,249,173,2009-08-12,2020-04-22,210,141
NANO,249,150,2009-10-30,2019-10-15,204,121
EXP,249,192,2009-08-10,2020-05-21,219,169
FIZZ,248,175,2010-01-16,2020-05-28,235,164
TMHC,248,164,2013-04-10,2020-06-11,226,145
EE,248,157,2009-08-07,2020-06-01,220,134
REV,248,171,2009-10-30,2020-06-09,223,149
RPTP,248,155,2011-05-05,2019-02-13,248,155
WSO,247,162,2009-12-01,2020-04-24,208,135
RDWR,247,170,2009-09-02,2020-05-07,188,127
EWT,247,226,2009-10-14,2019-11-01,177,163
EQM,247,190,2012-06-18,2020-06-09,220,170
LECO,247,166,2009-10-30,2020-04-27,213,139
AWAY,247,130,2011-05-31,2020-02-14,247,130
RNR,247,195,2009-11-10,2020-06-05,213,164
BLIN,247,138,2011-05-12,2020-06-05,224,124
ENSG,246,178,2009-10-07,2020-05-21,230,163
PTNR,246,193,2009-11-19,2020-06-09,209,158
USM,246,152,2010-02-22,2020-05-18,217,128
CRAY,246,145,2010-02-17,2019-09-25,240,139
PETX,246,141,2013-06-27,2019-07-16,246,141
COCO,246,127,2011-01-12,2015-04-26,226,116
DEST,245,148,2010-01-28,2019-10-29,240,143
BCO,245,173,2009-09-04,2020-06-03,206,142
INGN,245,121,2014-02-14,2020-06-09,227,111
HOS,245,176,2009-09-15,2020-04-14,229,163
PLXS,245,154,2010-01-21,2020-04-22,210,129
TLM,245,136,2009-10-15,2016-11-02,213,108
HERO,245,146,2011-03-09,2020-05-07,239,142
DRD,245,176,2013-04-18,2020-06-04,219,160
KBIO,245,81,2013-01-30,2017-06-26,245,81
BRX,245,157,2013-11-06,2020-06-10,212,133
SPW,245,163,2009-10-28,2015-09-21,219,144
MDCA,245,127,2010-02-18,2020-04-29,238,121
ESEA,245,161,2009-11-19,2020-06-10,211,139
CSL,245,189,2009-08-17,2020-05-28,217,166
REPH,244,136,2014-03-07,2020-05-15,215,126
REN,244,155,2010-03-25,2019-02-22,238,149
ADMA,244,146,2014-12-03,2020-06-01,202,120
MKTX,244,196,2009-10-28,2020-06-09,213,171
CKEC,244,148,2009-11-20,2017-03-01,221,130
WMS,244,148,2009-08-10,2020-06-01,193,108
AZPN,244,165,2010-09-23,2020-05-07,226,150
MITL,244,120,2010-06-01,2018-10-24,230,110
CBT,243,169,2009-12-01,2020-05-12,213,142
BEAT,243,178,2009-09-03,2020-05-06,207,153
RGA,243,153,2010-01-11,2020-06-03,205,128
MG,243,139,2010-11-04,2020-05-12,226,125
MMYT,243,158,2010-08-17,2020-06-03,205,124
WNC,243,166,2009-08-14,2020-06-04,213,140
CRIS,243,188,2009-08-10,2020-06-10,217,173
TNDM,242,167,2009-08-14,2020-05-22,213,147
RATE,242,120,2010-05-11,2017-09-13,241,119
NVR,242,190,2009-10-21,2020-05-19,213,167
ARE,242,186,2009-08-10,2020-06-10,201,151
REXX,242,178,2009-12-08,2018-05-16,222,163
NM,242,185,2009-07-27,2020-06-04,197,149
CSII,242,164,2009-11-10,2020-06-10,223,152
VOXX,241,137,2009-10-14,2020-05-12,224,122
CORE,241,144,2009-08-07,2020-05-07,221,132
EGL,241,165,2012-08-13,2019-01-11,241,165
EGLT,241,140,2014-02-06,2018-11-19,241,140
PKY,241,146,2010-01-07,2017-10-10,185,136
MKSI,241,156,2009-12-09,2020-04-30,219,141
CCOI,240,159,2009-11-13,2020-05-11,218,141
ATRC,240,166,2010-05-10,2020-05-19,210,146
VSH,240,174,2009-08-10,2020-06-11,195,135
EGRX,240,161,2014-02-12,2020-05-11,222,148
PDS,240,180,2009-08-13,2020-06-11,216,158
UNXL,240,135,2010-12-10,2017-09-05,238,133
TRNO,240,216,2010-01-15,2020-05-07,222,199
HNR,240,152,2009-11-03,2017-04-13,224,138
BNFT,239,149,2013-09-16,2020-06-10,212,132
VICL,239,150,2009-09-10,2019-08-30,224,138
SIEN,239,128,2014-09-19,2020-06-08,212,109
RKT,239,154,2010-01-15,2020-05-28,213,134
SVA,239,180,2009-10-09,2020-05-22,205,151
ACH,239,202,2009-08-13,2020-05-27,173,140
TTC,239,134,2009-08-07,2020-06-10,210,117
EME,238,175,2009-12-02,2020-05-01,205,152
WIFI,238,154,2011-05-04,2020-05-05,222,148
DRQ,238,183,2010-01-15,2020-05-27,194,147
NWY,238,132,2009-11-19,2018-11-29,218,118
LRN,238,136,2010-03-25,2020-04-29,222,124
UEPS,238,165,2009-08-13,2020-05-28,221,149
AFFX,238,157,2009-08-10,2016-03-31,201,128
VBIV,237,157,2014-09-15,2020-06-10,191,135
QLGC,237,140,2009-08-18,2017-06-09,196,109
FSL,237,133,2011-05-25,2016-05-17,237,133
TTMI,237,156,2009-11-16,2020-04-29,220,142
SCYX,237,160,2014-03-19,2020-05-11,224,150
ASTC,236,139,2009-09-29,2020-05-13,192,120
BMS,236,161,2009-08-10,2019-06-05,212,142
PEIX,236,178,2010-01-08,2020-06-10,211,155
VAC,236,152,2011-12-01,2020-05-19,201,126
PLAB,236,117,2010-05-18,2020-05-28,211,103
CALX,236,163,2010-05-04,2020-06-05,199,140
FNV,236,181,2011-09-22,2020-06-05,193,151
IAU,235,213,2010-02-09,2020-06-05,156,145
JBT,235,178,2010-07-22,2020-05-14,213,156
BRC,235,136,2009-08-10,2020-06-04,210,115
AGQ,235,209,2009-10-28,2019-09-03,133,114
EEP,235,169,2009-09-17,2018-11-06,200,142
GCAP,235,155,2010-12-15,2020-06-09,212,146
MXL,235,146,2010-04-14,2020-05-22,201,126
MANH,235,147,2010-02-03,2020-06-01,203,124
ESLT,234,190,2010-01-29,2020-05-26,213,171
FXP,234,211,2009-08-17,2017-04-19,159,141
SSRI,234,174,2009-08-12,2017-06-26,207,153
IBN,233,196,2009-08-13,2020-06-11,151,130
HCLP,233,160,2012-09-10,2019-05-31,233,160
TECH,233,178,2009-08-13,2020-06-09,180,138
RGS,233,149,2010-01-08,2020-06-03,176,102
WSH,233,164,2009-11-20,2016-04-05,216,148
GHL,232,184,2009-08-27,2020-05-28,194,150
AINV,232,182,2009-08-12,2020-05-22,171,131
CLI,232,179,2009-08-18,2020-06-05,186,140
CVTI,231,139,2010-07-02,2020-05-22,204,122
PACD,231,167,2011-11-07,2020-06-10,221,160
RECN,231,116,2010-03-16,2020-04-03,204,97
CNCE,231,150,2014-01-13,2020-05-04,223,144
MFC,231,190,2009-08-06,2020-06-11,168,134
QTM,231,148,2009-08-18,2019-01-15,211,130
AKER,231,134,2014-03-12,2020-05-26,191,117
BBVA,231,197,2010-05-05,2020-06-09,164,140
UNH,230,116,2019-07-08,2020-06-11,152,71
LXU,230,170,2010-06-25,2020-06-05,217,158
PBH,230,146,2010-02-05,2020-05-07,211,131
RLJ,230,177,2011-05-11,2020-06-11,190,146
QTS,230,167,2013-10-09,2020-06-10,215,155
ABG,230,163,2010-09-01,2020-05-18,197,138
PJC,230,178,2009-08-27,2019-12-13,172,124
CNA,230,135,2009-08-07,2020-06-10,194,109
POOL,230,158,2010-04-19,2020-06-02,204,135
TNP,230,160,2011-06-20,2020-06-11,204,144
CPSI,229,155,2009-12-24,2020-05-22,205,135
DRC,229,132,2009-08-06,2015-06-29,200,105
DFT,229,165,2009-11-10,2017-09-13,206,142
NG,229,183,2009-08-12,2020-06-09,169,129
UMC,229,187,2009-08-14,2020-06-11,202,166
CEMI,229,152,2013-05-22,2020-06-08,141,113
PVA,229,155,2009-12-30,2016-01-12,210,138
PEI,229,182,2009-08-07,2020-06-11,183,144
BTE,229,173,2009-08-17,2020-06-10,183,142
ENTG,229,153,2009-09-11,2020-06-05,206,133
MFA,228,161,2009-09-29,2020-06-11,142,108
XOP,228,213,2009-10-13,2020-06-07,201,188
AMC,228,163,2011-12-29,2020-06-10,177,138
BRF,228,212,2009-09-18,2018-07-02,161,153
SYNC,228,121,2012-02-10,2020-05-06,222,118
AFMD,228,127,2014-09-12,2020-05-29,215,118
ATRO,228,163,2010-05-05,2020-06-08,198,138
ITG,228,167,2009-10-30,2018-11-26,205,146
EGP,227,173,2010-01-08,2020-05-08,205,153
ETRM,227,130,2009-12-11,2017-10-23,222,126
MEG,227,163,2010-10-11,2018-07-26,222,158
FDP,227,139,2010-03-02,2020-05-20,177,110
BIP,227,166,2010-01-27,2020-05-11,199,142
TRIL,227,135,2015-01-06,2020-06-03,171,105
GTXI,227,141,2009-11-02,2019-06-05,209,128
CM,227,139,2009-08-18,2020-05-29,192,108
PHH,227,154,2009-09-24,2018-09-28,213,145
HPP,227,182,2010-08-20,2020-06-11,193,152
SORL,226,98,2011-09-22,2020-05-08,222,94
SVM,226,171,2009-08-13,2020-05-21,170,125
ONTY,226,150,2009-12-10,2016-06-08,213,140
BZQ,226,213,2009-11-12,2016-08-31,164,154
COT,225,166,2009-07-27,2020-02-26,208,149
XCO,225,169,2009-08-07,2018-01-16,190,139
LNDC,225,111,2010-03-31,2020-04-01,204,98
OPHT,225,128,2013-09-09,2019-04-16,225,128
ARES,225,178,2014-03-31,2020-05-29,199,160
ZSL,225,201,2009-10-26,2017-08-16,125,105
MMS,225,141,2009-08-14,2020-05-07,196,117
CCC,225,168,2009-08-10,2020-06-04,187,137
MX,225,150,2011-04-28,2020-06-04,215,143
CBSH,225,143,2010-01-14,2020-06-08,198,121
TDS,225,161,2010-06-07,2020-05-14,195,137
WNS,224,141,2009-08-07,2020-04-24,189,114
ENS,224,148,2009-08-09,2020-06-03,200,128
CAMT,224,149,2009-12-24,2020-06-02,203,129
ORN,224,179,2009-08-18,2020-05-19,207,164
EPAM,224,147,2011-06-10,2020-06-10,202,131
RUTH,224,169,2009-08-17,2020-06-09,154,111
CFR,224,173,2009-08-07,2020-06-08,184,145
STKL,223,165,2010-01-21,2020-05-29,205,150
KEM,223,145,2010-12-14,2020-06-11,205,134
INXN,223,153,2011-03-23,2020-02-28,221,151
SIGM,223,131,2009-10-23,2020-02-14,203,113
RE,223,186,2009-08-17,2020-05-18,181,153
ASYS,223,165,2009-12-18,2020-05-07,171,124
ICUI,223,120,2010-04-19,2020-05-13,196,105
SQM,223,172,2009-08-18,2020-05-22,183,133
CVGW,223,154,2010-08-02,2020-06-08,190,131
PVG,223,166,2010-01-12,2020-05-19,190,136
OMCL,223,158,2010-01-29,2020-05-13,203,143
RXII,222,159,2010-01-14,2018-11-15,215,153
HSNI,222,137,2009-09-24,2017-12-20,202,119
SEM,222,172,2010-03-03,2020-06-11,190,143
SEMG,222,149,2011-06-29,2019-12-04,222,149
PRE,222,165,2009-08-13,2016-05-26,184,129
SYNT,222,128,2010-01-28,2018-09-11,211,118
SID,221,176,2009-12-18,2020-06-11,155,117
EXLS,221,146,2010-02-11,2020-05-13,192,122
RWT,221,165,2009-11-12,2020-06-11,145,112
WRLD,221,159,2009-11-25,2020-06-05,183,123
FNFG,221,144,2009-08-13,2016-07-29,189,115
IRDM,221,172,2010-06-02,2020-04-29,209,160
TV,221,133,2009-08-01,2020-06-11,116,88
GGB,221,190,2009-08-18,2020-06-11,153,129
MDU,220,168,2009-08-13,2020-06-11,198,146
FOMX,220,135,2014-09-03,2020-03-04,219,134
ZN,220,155,2009-08-18,2020-06-09,189,129
HE,220,160,2009-08-07,2020-05-07,174,118
PINC,220,126,2013-08-26,2020-05-28,209,119
MTRX,220,133,2010-03-25,2020-05-21,200,117
BXS,220,164,2009-12-14,2020-06-08,183,133
ROC,220,127,2009-08-13,2014-11-05,188,102
OFIX,220,152,2010-01-22,2020-05-08,181,128
AMWD,220,121,2010-11-19,2020-05-26,197,105
EPR,219,156,2010-01-29,2020-06-11,151,110
XGTI,219,143,2014-03-05,2019-02-25,219,143
BWP,219,141,2009-10-26,2018-06-29,190,119
JVA,219,132,2009-05-27,2020-04-21,208,123
KODK,219,131,2014-03-03,2020-05-15,210,123
EDR,218,169,2010-02-25,2019-09-25,203,157
DRWI,218,112,2010-05-10,2017-08-01,194,98
INWK,218,140,2010-02-05,2020-06-09,195,123
ENT,218,144,2009-08-10,2020-06-10,174,118
ERII,218,162,2009-12-03,2020-05-08,193,142
MDLZ,218,169,2012-03-21,2020-06-08,206,159
GLMD,218,130,2014-03-13,2020-05-22,199,118
GIMO,217,114,2013-05-29,2017-12-27,217,114
INN,217,160,2011-03-16,2020-06-10,190,136
EXFO,217,101,2009-12-01,2020-04-08,198,89
BRKS,217,146,2009-12-09,2020-05-01,189,123
FFHL,217,142,2010-08-16,2020-04-29,199,130
WD,217,157,2011-01-24,2020-06-09,204,147
VCEL,217,118,2015-03-23,2020-05-05,199,105
NSR,216,125,2009-08-07,2017-08-07,175,105
DGI,216,139,2009-10-09,2017-08-31,196,122
INVE,216,153,2010-08-23,2020-06-01,197,137
KMDA,216,122,2013-05-31,2020-05-27,200,113
UFPI,216,148,2010-04-14,2020-05-08,195,130
PACW,216,162,2010-03-05,2020-06-10,172,124
SATS,216,165,2009-07-27,2020-05-18,159,120
ACIW,215,146,2009-09-14,2020-05-29,191,127
ACAS,215,171,2009-08-14,2016-12-15,164,132
NSP,215,114,2011-07-25,2020-05-05,205,105
MXWL,215,139,2010-02-19,2019-05-13,198,127
DCO,215,155,2010-11-01,2020-05-21,197,140
NYMX,215,148,2009-08-26,2020-04-03,207,141
NNN,215,164,2010-04-01,2020-06-11,178,137
NYMT,214,151,2010-10-04,2020-06-10,143,112
SJR,214,143,2009-11-10,2020-04-14,185,119
CORN,214,154,2010-10-11,2019-08-29,205,145
PBYI,214,146,2012-08-24,2020-05-20,206,140
DGII,214,129,2010-04-23,2020-05-13,197,116
ENBL,214,153,2014-04-01,2020-06-10,163,120
UGI,214,160,2009-09-01,2020-06-11,174,123
FRPT,214,137,2010-01-11,2020-06-03,187,115
NMM,214,157,2009-07-27,2020-05-13,187,134
BKU,214,162,2011-01-28,2020-06-09,187,139
HAWK,213,112,2010-01-18,2018-06-15,196,103
TISI,213,120,2009-10-05,2020-05-14,187,100
FCFS,213,135,2009-12-16,2020-04-22,189,116
EDAP,213,146,2010-03-30,2020-05-13,191,128
HDP,213,120,2014-12-01,2018-12-07,213,120
TC,213,152,2009-08-10,2020-04-15,184,128
MEI,213,103,2010-01-08,2020-03-23,196,94
ILF,213,153,2009-10-29,2020-05-22,190,130
TBPH,213,160,2014-06-06,2020-05-13,205,154
NFG,213,152,2009-10-08,2020-06-01,181,124
CDXS,213,149,2010-08-31,2020-06-01,190,132
HURN,213,150,2009-08-18,2020-05-04,182,124
CYBX,213,108,2009-11-20,2015-10-05,182,84
GLP,213,169,2009-08-10,2020-05-08,184,144
REED,212,141,2009-08-14,2020-06-03,195,126
REE,212,147,2010-10-21,2016-01-22,142,114
IPCI,212,131,2010-10-18,2019-03-21,211,130
NILE,212,126,2009-11-09,2017-02-15,158,89
AXE,212,137,2010-01-26,2020-05-04,194,123
RICK,212,166,2010-01-11,2020-05-27,168,133
COR,212,169,2010-06-01,2020-05-28,187,145
ROL,212,159,2010-01-27,2020-06-08,185,136
KEYW,212,134,2010-11-10,2019-06-12,209,131
HOLI,212,140,2010-09-20,2020-05-18,200,130
WTFC,211,153,2010-01-27,2020-06-04,182,129
STAA,211,151,2009-11-09,2020-06-05,195,136
TSRA,211,160,2009-10-21,2017-02-22,189,139
CMRE,211,149,2010-10-20,2020-04-29,204,144
ECOM,211,119,2013-04-11,2020-06-03,192,106
AHL,211,143,2009-08-10,2019-02-14,182,122
EWL,211,154,2010-05-14,2020-02-28,196,139
ROG,210,135,2009-08-10,2020-05-01,190,119
STRL,210,160,2009-12-11,2020-05-14,188,142
AERI,210,131,2017-10-03,2020-06-01,183,113
LMNR,210,122,2011-02-03,2020-06-10,200,117
DRE,210,170,2009-08-17,2020-05-26,175,137
CIG,210,170,2009-08-10,2020-06-08,169,134
TRS,210,135,2009-08-14,2020-06-10,174,107
EVOK,210,119,2015-05-14,2020-06-01,198,111
MBT,210,171,2009-09-17,2020-04-29,174,140
CIDM,210,144,2013-08-13,2020-06-10,169,124
CHTR,210,105,2018-06-21,2020-06-10,171,83
ALE,210,159,2009-08-10,2020-06-01,190,141
HABT,210,111,2014-11-10,2020-01-07,210,111
RDS,209,177,2010-02-14,2020-05-01,155,135
ACAT,209,111,2010-04-15,2017-04-10,193,101
RBA,209,163,2011-10-18,2020-05-11,200,155
ABCO,209,111,2009-11-25,2017-11-15,199,102
COUP,209,117,2014-04-01,2020-06-09,174,100
CSGP,209,123,2010-11-18,2020-05-21,190,112
VNOM,209,148,2014-06-16,2020-06-08,175,124
BGC,209,131,2009-08-10,2018-06-05,182,109
PRKR,209,125,2009-10-26,2020-03-24,205,121
POWI,209,138,2009-10-23,2020-06-05,180,112
BIOL,209,161,2012-05-21,2020-06-08,185,143
GGG,209,141,2009-10-05,2020-04-24,184,122
LFUS,209,128,2010-02-08,2020-05-18,197,117
LFC,209,180,2009-08-14,2020-05-22,157,135
PRQR,209,129,2014-09-08,2020-04-01,199,123
FNB,209,164,2009-08-07,2020-06-11,159,116
HWAY,208,133,2009-10-14,2017-01-06,187,116
CPK,208,150,2009-08-12,2020-05-28,180,127
BMI,208,150,2009-08-13,2020-04-17,181,129
KS,208,121,2010-05-06,2018-10-31,201,115
NGD,208,166,2011-05-13,2020-06-09,203,161
STAY,208,137,2013-10-31,2020-06-03,176,111
DATA,208,142,2009-08-06,2019-07-02,180,126
PMCS,208,122,2009-08-17,2016-02-25,180,102
HOMB,208,167,2010-01-15,2020-06-05,173,137
CAJ,208,180,2009-09-14,2020-06-02,156,132
WPP,208,147,2010-09-02,2020-05-28,185,131
MRC,208,145,2012-04-12,2020-06-11,182,126
EVEP,208,142,2009-08-10,2018-04-02,194,133
NHI,207,160,2009-08-13,2020-06-08,180,136
ASGN,207,127,2010-11-24,2020-06-04,189,115
FICO,207,158,2010-02-19,2020-05-06,191,143
HCSG,207,125,2010-04-08,2020-04-23,184,108
FULT,207,147,2009-08-10,2020-06-05,181,124
ZIXI,207,145,2009-12-11,2020-05-13,176,117
NRZ,207,138,2013-10-18,2020-06-11,152,105
FSC,207,152,2009-10-05,2017-09-07,188,134
AEG,207,152,2009-08-16,2020-06-05,143,102
VOLC,207,106,2009-08-25,2015-02-05,182,86
HTWR,207,116,2010-02-01,2016-07-11,184,97
ISR,207,147,2009-08-12,2020-06-02,178,123
ZEUS,207,147,2010-01-13,2020-05-01,192,136
VRS,206,145,2010-01-11,2020-05-26,187,128
AWR,206,159,2009-10-23,2020-05-20,182,137
KRC,206,170,2009-08-10,2020-06-05,179,143
CAAS,206,147,2009-11-12,2020-05-14,158,112
CNS,206,171,2009-08-10,2020-04-24,165,135
SPCB,205,131,2013-11-18,2020-06-10,160,103
MORN,205,179,2009-12-07,2020-05-15,140,123
CETV,205,156,2010-01-20,2020-04-22,187,140
FMS,205,153,2009-08-10,2020-06-05,167,117
NMBL,205,99,2013-12-13,2017-03-23,205,99
JOBS,205,145,2009-11-23,2020-05-26,161,111
SUP,204,144,2010-05-05,2020-06-09,177,121
UDN,204,169,2009-09-24,2019-06-13,165,132
BABY,204,111,2009-09-14,2019-07-26,198,106
ECOL,204,140,2009-08-07,2020-05-11,178,116
MIDD,204,160,2010-03-04,2020-06-10,157,121
PES,204,146,2012-11-02,2019-08-14,204,146
DAKT,204,99,2010-08-24,2020-06-10,179,84
VRNS,204,106,2014-02-18,2020-06-10,184,95
VRTU,203,116,2010-09-16,2020-05-15,181,104
CQP,203,173,2010-05-07,2020-06-09,182,152
RDNT,203,126,2009-11-09,2020-05-26,184,112
WR,203,136,2009-08-12,2018-05-25,180,117
CPL,203,180,2009-08-07,2019-11-14,186,163
AFG,203,136,2009-08-10,2020-05-14,172,113
PRO,203,128,2009-08-10,2020-06-08,173,105
AEGN,203,150,2009-11-27,2020-05-18,194,141
FGEN,202,133,2014-11-14,2020-06-08,183,119
ASUR,202,122,2009-08-10,2020-05-07,192,113
EMES,202,126,2013-04-30,2019-05-31,202,126
CALL,202,122,2009-08-07,2018-11-07,191,113
EIS,202,152,2009-08-13,2020-05-20,167,121
RGSE,202,129,2014-03-06,2020-02-10,202,129
HHC,202,157,2011-01-11,2020-05-21,181,141
FNJN,202,173,2014-07-11,2020-06-10,183,158
TBIO,202,138,2012-01-06,2020-06-04,172,118
OTIV,202,152,2009-11-06,2019-10-30,197,147
WAL,202,152,2010-01-25,2020-06-11,158,111
ACXM,202,127,2009-08-10,2018-09-25,185,113
RDEN,202,95,2009-11-12,2016-09-08,185,82
BWEN,202,159,2009-11-17,2020-06-03,170,132
NSTG,202,132,2013-05-20,2020-05-20,189,123
ALXA,201,126,2009-08-27,2016-06-22,184,111
MIC,201,150,2009-08-07,2020-06-11,167,126
PT,201,152,2009-08-10,2020-05-29,159,115
PSDV,201,138,2009-12-23,2018-04-23,191,131
WAIR,201,125,2011-08-09,2019-10-21,201,125
HHS,201,160,2009-08-10,2020-06-03,167,130
HRZN,201,154,2011-03-15,2020-05-19,189,144
WST,201,142,2010-10-04,2020-05-21,169,120
CLW,201,147,2010-02-18,2020-06-08,170,123
MGT,201,96,2009-08-14,2016-12-15,198,93
FSTR,201,138,2010-02-18,2020-05-06,184,122
ELS,200,155,2010-01-26,2020-06-05,174,131
WG,200,140,2009-08-10,2018-03-28,183,124
SQBG,200,124,2012-12-10,2020-06-10,178,112
XENE,200,132,2014-09-10,2020-06-03,188,121
CFN,200,134,2010-05-28,2015-03-13,166,107
FOXF,200,117,2013-07-08,2020-06-05,179,104
FLY,199,147,2010-09-30,2020-05-27,164,123
GSVC,199,146,2011-05-16,2019-07-12,199,146
CLNY,199,149,2010-11-24,2020-06-10,152,115
QUAD,199,121,2011-07-13,2020-05-05,197,119
PMC,199,125,2009-08-17,2017-12-07,171,101
JONE,199,125,2013-05-28,2018-11-27,199,125
SQNS,199,137,2011-04-28,2020-06-10,182,128
UL,199,134,2016-07-20,2020-06-11,178,116
GLYC,199,126,2013-10-07,2020-05-15,190,120
BWS,199,103,2010-01-27,2015-05-27,173,83
MSO,199,123,2009-08-12,2015-11-18,175,103
PNFP,199,141,2009-12-23,2020-06-07,172,119
EPU,199,182,2009-11-04,2019-10-01,146,133
MWV,198,131,2009-10-28,2015-07-14,167,104
FBC,198,162,2009-09-23,2020-05-07,173,139
FWRD,198,146,2010-04-21,2020-05-04,177,130
BKH,198,147,2009-12-22,2020-05-22,174,127
COHR,198,132,2009-12-11,2020-05-28,177,118
QTNT,198,123,2014-04-12,2020-06-10,165,104
FENG,198,140,2011-05-12,2020-06-11,188,133
SSS,198,144,2009-08-17,2016-08-15,164,118
ITB,197,176,2009-11-11,2020-02-05,143,137
CHKE,197,113,2009-10-27,2019-06-20,186,103
OMN,197,109,2009-10-13,2020-02-11,184,97
KIN,197,129,2013-12-13,2020-06-08,174,117
CRMT,197,126,2009-09-01,2020-05-21,174,107
TU,197,160,2009-12-16,2020-06-11,172,137
NRF,197,140,2009-08-10,2016-12-09,179,124
NWE,197,151,2009-08-26,2020-04-24,171,129
SREV,197,121,2011-03-25,2020-05-14,192,116
ALLE,197,150,2013-12-02,2020-06-03,184,140
CODI,196,155,2010-04-13,2020-05-06,153,121
VCRA,196,121,2012-03-28,2020-04-24,188,118
DCT,196,157,2010-11-02,2018-08-20,181,145
CRS,196,155,2009-08-13,2020-06-04,161,124
TOO,196,131,2010-02-11,2019-11-20,188,124
IPCM,195,131,2010-01-19,2015-11-23,163,105
SLF,195,136,2010-04-09,2020-05-12,171,114
CNSL,195,134,2010-02-12,2020-04-30,184,126
CTRL,195,99,2013-07-01,2019-07-31,195,99
ANAC,195,127,2010-11-24,2016-12-28,185,119
YUMA,195,96,2014-10-10,2020-04-16,187,92
SPAR,195,139,2010-01-07,2020-05-08,170,122
INGR,195,118,2012-07-31,2020-05-14,186,111
BCLI,195,144,2010-12-13,2020-06-09,172,127
BFAM,195,125,2013-01-25,2020-05-28,181,115
PRI,195,155,2010-04-01,2020-06-08,163,127
NNA,194,156,2010-09-02,2020-05-06,167,133
NOAH,194,141,2010-11-10,2020-05-18,180,128
TGH,194,147,2010-02-11,2020-05-11,163,121
HDB,194,167,2009-08-17,2020-06-11,99,83
ETM,194,146,2010-03-10,2020-06-10,153,111
IMOS,194,153,2010-05-18,2020-06-08,176,141
DLX,194,126,2010-01-28,2020-06-04,172,104
OTIC,194,130,2014-08-11,2020-05-12,187,124
HCC,194,148,2009-08-13,2020-06-05,155,116
HCBK,194,146,2009-10-07,2015-10-09,121,90
WTS,194,143,2010-02-17,2020-05-06,171,125
RLD,194,128,2010-07-16,2016-03-23,189,123
IGTE,194,91,2010-01-20,2015-07-02,150,61
CSUN,193,145,2009-08-07,2016-01-29,160,119
TNAV,193,119,2010-06-23,2020-05-07,178,108
SLH,193,121,2009-08-28,2016-03-01,171,106
AIT,193,132,2009-08-13,2020-04-30,172,116
JIVE,193,108,2011-11-30,2017-05-02,193,108
NJR,193,135,2010-01-04,2020-05-11,177,122
TKC,193,137,2010-02-18,2020-04-28,171,122
STON,193,157,2010-02-11,2020-05-27,173,140
FCSC,193,121,2011-06-22,2019-09-16,193,121
RAIL,193,146,2009-11-06,2020-06-03,169,125
NVEE,193,158,2014-07-01,2020-05-29,178,144
VTL,192,108,2014-04-12,2019-04-15,192,108
AXGN,192,126,2013-08-09,2020-05-27,168,111
LQD,192,178,2009-10-14,2020-06-01,147,138
TMK,192,145,2009-08-14,2019-07-24,166,121
RNN,192,155,2010-06-22,2019-06-04,186,150
ACET,192,127,2010-08-04,2019-03-11,182,119
BBOX,192,121,2010-08-20,2018-11-22,181,110
EEFT,192,140,2010-02-18,2020-06-03,173,121
ELTK,192,109,2009-11-23,2020-06-03,180,102
SLP,192,136,2010-09-08,2020-05-29,173,123
BIOC,191,147,2009-11-04,2020-05-29,166,127
ALJ,191,103,2009-08-10,2017-06-29,133,95
CO,191,128,2010-02-18,2020-05-14,162,105
TYPE,191,104,2009-08-10,2019-08-26,178,93
ARTX,190,140,2009-08-26,2019-11-06,185,135
MM,190,96,2011-06-09,2016-06-08,190,96
APTO,190,113,2016-06-13,2020-05-29,178,103
UMPQ,190,148,2009-08-13,2020-06-08,158,117
ASPS,190,134,2010-09-23,2020-05-27,168,119
JRJC,190,118,2010-01-11,2020-06-10,180,109
NR,190,155,2009-08-14,2020-06-11,149,121
YCS,190,176,2009-11-05,2016-12-21,158,146
MAIN,190,157,2010-01-13,2020-06-11,167,135
NAK,190,113,2010-07-09,2020-06-04,174,98
FTEK,190,139,2009-12-21,2020-05-12,164,123
VCYT,190,123,2016-11-21,2020-06-09,173,110
ALNY,190,111,2019-01-11,2020-06-07,144,82
BSBR,189,158,2009-11-04,2020-06-10,123,104
TOUR,189,111,2014-04-28,2020-06-10,166,95
HNI,189,116,2010-01-13,2020-05-22,178,106
GTIV,189,115,2010-01-05,2015-01-30,156,92
CSH,189,108,2009-10-30,2016-09-02,179,99
KW,189,168,2010-08-16,2020-05-06,164,143
HTS,189,131,2009-08-10,2016-11-15,151,98
CHE,189,135,2009-08-14,2020-04-29,163,114
ASTE,189,136,2010-02-23,2020-06-08,157,110
FDML,188,122,2010-01-19,2017-01-24,176,111
ERF,188,140,2010-06-23,2020-06-05,158,115
ARCO,188,140,2011-04-14,2020-06-08,169,126
BT,188,136,2009-08-17,2019-08-26,154,106
RST,188,135,2009-08-17,2020-05-07,147,110
DST,188,129,2010-02-02,2018-04-16,179,121
MBII,188,148,2013-07-01,2020-06-09,165,129
IBKC,188,137,2010-01-06,2020-05-05,166,118
ATEC,188,136,2010-02-22,2020-05-11,159,113
TEDU,188,99,2014-03-19,2020-06-01,166,85
RTEC,187,129,2010-02-02,2019-10-15,169,115
CRY,187,140,2009-08-13,2020-05-07,165,121
STAG,187,162,2011-08-05,2020-06-11,169,146
MTSC,187,121,2009-11-20,2020-05-19,155,96
ALSK,187,143,2009-09-23,2020-06-08,153,110
NATI,186,119,2010-05-10,2020-06-09,155,97
ARR,186,148,2010-12-17,2020-06-08,163,128
CTCT,186,110,2009-10-30,2016-02-10,168,93
TAST,186,126,2010-05-11,2020-05-11,157,107
CISG,186,118,2009-08-31,2016-12-06,138,79
TZA,186,172,2009-10-23,2020-05-14,109,100
KRE,186,166,2009-11-17,2020-05-13,114,108
OHRP,186,113,2013-06-03,2019-07-16,186,113
UNM,186,124,2014-12-19,2020-06-11,147,90
BCE,186,144,2009-11-06,2020-06-02,158,117
CRH,186,166,2009-08-14,2020-06-05,128,116
TRQ,186,141,2013-01-30,2020-06-09,179,134
MIND,186,120,2009-08-14,2020-06-10,158,99
LTBR,186,137,2011-01-04,2020-06-01,169,121
DMD,185,108,2011-01-26,2016-11-07,180,104
KOPN,185,133,2010-04-07,2020-06-04,153,108
PGN,185,130,2009-08-18,2015-12-17,120,90
ATSG,185,143,2010-03-31,2020-06-05,150,118
AMH,185,144,2013-07-31,2020-06-09,163,127
RICE,185,112,2014-01-13,2017-11-02,185,112
IDT,185,134,2010-06-04,2020-06-04,172,122
TSYS,185,148,2009-08-28,2016-10-25,149,123
SMLP,185,133,2012-09-28,2020-06-01,170,122
WBAI,185,129,2014-01-23,2020-06-10,170,117
ACLS,185,147,2009-10-13,2020-05-26,157,126
HPY,185,109,2009-11-25,2016-04-20,169,96
GTIM,185,134,2010-09-30,2020-05-14,179,129
RESN,185,138,2014-05-29,2020-05-26,171,128
EU,184,133,2009-08-07,2013-08-16,80,52
LXP,184,146,2009-08-13,2020-06-08,158,124
ISLE,184,111,2009-08-26,2017-04-27,145,83
BWC,184,130,2010-08-02,2016-06-28,161,109
MOD,184,116,2009-09-21,2020-05-28,163,97
SNH,184,150,2009-08-18,2020-01-07,161,128
GAIN,184,161,2009-07-07,2020-05-18,166,143
BAL,184,149,2009-11-21,2019-05-14,97,89
PCL,184,133,2009-09-21,2016-02-17,126,85
FSM,184,152,2012-03-27,2020-06-05,156,129
BBL,183,147,2010-05-24,2020-06-05,112,97
MCS,183,136,2010-04-06,2020-06-11,147,108
PRMW,183,109,2010-12-15,2020-05-08,178,104
GST,183,150,2009-08-10,2018-09-07,169,137
LMAT,183,109,2010-07-28,2020-06-09,169,97
CNMD,183,132,2010-03-26,2020-04-30,154,107
BHE,183,132,2010-09-27,2020-06-04,172,122
WPPGY,183,109,2009-12-11,2017-11-16,98,81
ONE,183,133,2010-07-27,2020-06-09,163,117
SPHS,182,110,2013-08-11,2020-03-12,175,107
RSYS,182,112,2010-02-03,2018-12-04,174,107
CLDT,182,135,2010-11-17,2020-06-08,157,114
BCOR,182,115,2012-06-07,2020-05-07,169,103
CASI,182,132,2014-07-07,2020-06-08,168,120
THG,182,141,2009-08-10,2020-06-03,159,121
GORO,182,152,2010-12-22,2020-05-11,165,139
CAE,182,136,2009-08-10,2020-05-22,167,124
VRTS,181,142,2010-09-20,2020-05-06,166,129
CTSO,181,126,2011-12-14,2020-06-09,135,101
STEM,181,124,2009-08-10,2016-11-29,167,110
OZM,181,141,2009-10-14,2019-07-09,159,121
ATV,181,140,2009-10-01,2020-05-04,157,117
NSIT,181,118,2009-09-08,2020-05-11,156,96
PRFT,181,125,2010-01-14,2020-05-08,169,115
MNI,181,133,2009-12-08,2020-02-13,155,112
VJET,181,126,2013-09-17,2020-06-01,176,121
CBPO,181,122,2010-06-11,2020-05-20,171,115
CINF,181,157,2009-12-30,2020-06-10,134,118
NGLS,180,119,2010-01-13,2016-08-12,171,111
NGVC,180,107,2012-07-20,2020-05-11,174,101
DBA,180,142,2009-08-07,2020-05-05,112,85
MMLP,180,143,2009-12-31,2020-05-21,161,128
SFL,180,131,2009-07-27,2020-05-21,156,111
NFEC,180,121,2010-09-16,2019-01-31,179,120
CNET,179,120,2011-03-31,2020-05-27,170,112
MINI,179,125,2009-08-18,2020-05-04,149,104
TPH,179,141,2013-01-29,2020-06-11,167,131
PFNX,179,120,2014-06-05,2020-06-01,162,110
FI,179,126,2013-08-09,2020-06-08,160,109
SIL,179,160,2010-05-03,2019-08-13,123,114
REXR,178,150,2013-07-22,2020-06-11,169,143
RTIX,178,122,2010-02-16,2020-04-29,165,111
RSPP,178,113,2014-01-17,2018-08-01,178,113
UTI,178,122,2009-12-01,2020-06-02,153,102
CECE,178,129,2009-07-27,2020-06-05,161,114
HIW,178,143,2010-02-11,2020-06-11,147,116
CLNT,178,95,2011-06-30,2018-01-04,178,95
ASX,178,142,2009-08-07,2020-03-24,145,124
SYRG,178,124,2011-07-18,2017-02-23,178,124
FR,178,144,2009-09-30,2020-05-18,144,116
KRG,178,135,2009-08-07,2020-06-03,163,120
DRIV,178,108,2009-08-13,2019-07-03,139,78
MWA,177,140,2009-09-14,2020-05-06,154,121
MCHX,177,122,2010-06-09,2020-05-11,163,108
GLOB,177,101,2014-07-07,2020-06-03,162,92
SZYM,177,94,2011-05-27,2016-05-04,177,94
ONB,176,132,2010-04-26,2020-06-09,147,108
SPF,176,130,2009-08-10,2015-10-01,150,107
ATLS,176,120,2010-01-02,2017-07-25,119,84
SUI,176,136,2010-03-11,2020-05-12,151,115
HVT,176,128,2010-09-03,2020-05-21,147,110
HBHC,176,117,2010-06-09,2018-04-17,143,102
OSIR,176,118,2010-03-21,2019-03-12,167,110
PUK,176,143,2009-08-16,2020-06-05,103,82
TNC,176,112,2010-03-25,2020-05-06,157,99
STOR,175,127,2014-11-18,2020-06-11,134,94
CYT,175,111,2009-11-11,2016-11-29,149,94
LEI,175,128,2009-11-19,2017-01-04,152,109
BOH,175,113,2010-01-06,2020-04-21,151,93
SPKE,175,113,2014-07-11,2020-05-26,170,108
COHU,175,124,2010-10-20,2020-05-21,154,107
RAVN,175,123,2010-06-24,2020-05-19,162,111
BCC,175,111,2013-02-06,2020-05-26,165,104
MRTN,175,124,2010-01-27,2020-05-28,158,111
EJ,175,114,2009-09-14,2016-04-17,137,85
EZA,175,163,2009-10-27,2020-03-05,152,141
USCR,175,123,2011-03-02,2020-05-05,154,111
RKUS,175,94,2012-11-16,2016-08-31,175,94
HZO,175,112,2010-10-08,2020-06-03,148,92
CRME,175,120,2009-12-03,2018-05-17,164,110
AXTI,175,128,2009-10-30,2020-05-05,160,116
SJW,175,147,2010-05-26,2020-05-20,157,130
IBP,174,124,2014-02-03,2020-05-28,154,111
HSTM,174,112,2009-09-23,2020-04-27,162,100
SAGE,174,113,2011-10-07,2020-05-26,146,100
FSS,174,128,2010-01-19,2020-04-29,153,110
EIGI,174,99,2013-10-25,2020-06-05,157,85
SHLO,174,90,2010-12-16,2020-06-10,166,82
CCIH,174,108,2010-10-01,2019-08-05,166,103
BND,174,167,2009-12-03,2019-12-05,157,150
MERC,173,135,2010-01-08,2020-06-05,156,122
KNL,173,131,2010-01-11,2020-04-28,155,114
TTEC,173,124,2009-11-02,2020-05-04,156,109
AT,173,139,2010-12-15,2020-05-11,165,131
IVC,173,123,2010-01-08,2020-05-06,161,112
TAHO,173,106,2012-06-28,2019-02-24,173,106
DRAD,173,113,2010-04-07,2020-06-09,125,89
WLB,173,130,2011-01-04,2018-05-23,170,127
NTWK,173,131,2009-07-27,2020-05-14,159,119
DM,173,127,2009-08-10,2019-02-01,158,113
ZEN,173,114,2014-04-10,2020-06-10,148,101
CGG,173,105,2013-05-03,2019-04-16,173,105
MUSA,172,114,2010-05-19,2020-04-17,155,102
SRNE,172,109,2013-10-25,2020-06-05,131,91
CVG,172,109,2009-08-07,2018-09-20,148,90
NCTY,172,112,2009-08-17,2020-05-19,154,97
CLUB,172,134,2010-01-25,2020-06-10,145,111
RNET,172,143,2011-03-29,2020-06-10,156,132
CPG,172,139,2011-09-22,2020-06-10,142,116
PRAH,171,107,2014-11-03,2020-05-05,149,92
SGNT,171,118,2011-04-06,2016-08-28,171,118
AVNW,171,133,2010-04-13,2020-05-28,140,107
PRAA,171,131,2010-01-21,2020-05-11,131,103
KONA,171,121,2010-11-24,2019-04-22,169,119
CUZ,171,145,2009-11-17,2020-06-05,145,121
DTSI,171,98,2010-01-12,2016-12-02,145,78
EGOV,170,131,2009-10-26,2020-06-08,148,114
CCMP,170,133,2009-08-17,2020-05-14,141,111
CWT,170,143,2010-04-07,2020-05-20,149,126
USPH,170,122,2010-11-19,2020-05-21,157,112
PKD,170,136,2009-08-10,2020-03-03,163,130
PPS,170,125,2009-08-10,2016-11-10,143,101
POWL,170,100,2009-12-09,2020-05-07,151,86
LINC,170,112,2009-09-28,2020-06-10,125,78
ROCK,170,102,2009-08-28,2020-05-19,151,87
CGA,170,118,2011-04-13,2020-02-27,169,117
ABR,170,131,2009-10-23,2020-06-08,122,95
MSA,170,148,2009-08-07,2020-05-12,151,130
AUDC,170,124,2009-12-15,2020-06-05,133,99
HDSN,170,118,2010-01-22,2020-05-06,163,111
RADA,169,125,2009-08-26,2020-06-10,153,116
SEIC,169,132,2009-08-14,2020-04-24,148,113
CRCM,169,81,2014-01-10,2020-02-11,169,81
MBUU,169,101,2014-01-30,2020-06-05,146,88
SIAL,169,109,2010-01-05,2015-11-18,152,93
EGY,169,134,2010-03-24,2020-05-11,159,125
MSON,169,133,2010-05-04,2020-05-15,141,109
HIVE,169,92,2014-03-25,2019-08-09,169,92
ATNM,169,120,2014-07-07,2020-06-05,152,111
RCON,169,115,2011-09-28,2020-05-26,151,106
SPNC,169,107,2010-04-13,2017-08-04,161,101
POZN,169,109,2010-03-21,2016-02-16,161,102
UNIS,169,107,2011-04-05,2017-04-12,169,107
ORBC,169,122,2010-08-12,2020-06-08,154,109
GBR,169,93,2009-08-10,2020-05-13,160,85
NGG,168,137,2010-03-25,2020-04-03,152,124
CVRR,168,118,2013-01-17,2019-05-17,168,118
AGYS,168,116,2009-11-04,2020-05-26,145,95
CZZ,168,145,2009-08-10,2020-06-10,110,93
PMT,168,145,2010-03-15,2020-06-08,141,123
DYN,168,117,2011-05-10,2018-04-09,168,117
JMEI,168,114,2014-05-12,2020-04-09,166,112
SGG,168,144,2009-10-26,2017-06-07,95,88
AHPI,168,80,2010-11-05,2020-06-10,84,48
EBIO,168,90,2013-12-30,2018-05-17,168,90
TCAP,168,141,2010-04-14,2018-07-24,155,130
MCF,168,129,2009-08-13,2020-06-05,143,105
AMRC,168,112,2011-03-07,2020-06-09,155,103
MGPI,168,107,2010-01-14,2020-04-30,152,95
AFAM,168,125,2010-01-26,2018-03-21,149,109
EXXI,168,91,2013-11-05,2018-03-19,168,91
AXDX,168,123,2013-07-01,2020-05-07,142,109
TST,168,129,2011-02-02,2019-08-07,166,127
USNA,168,89,2015-07-15,2020-06-11,156,82
ADHD,168,99,2013-01-14,2017-11-09,168,99
SFY,167,130,2010-02-17,2020-04-29,146,111
HF,167,146,2009-08-18,2019-07-01,159,139
CVGI,167,132,2010-05-06,2020-06-10,132,102
FBP,167,134,2009-12-16,2020-06-09,131,102
BXC,167,109,2010-07-22,2020-05-28,135,88
FOR,167,96,2009-08-07,2020-04-29,106,78
TE,167,122,2009-08-10,2016-05-05,136,93
TAC,166,128,2009-08-06,2020-05-12,137,101
RESI,166,127,2013-04-22,2020-06-11,139,112
BEE,166,118,2009-08-17,2016-03-14,146,102
ECPG,166,135,2010-01-29,2020-05-13,138,110
CALD,166,105,2009-07-27,2018-02-09,155,95
CTWS,166,122,2010-08-24,2019-05-09,160,116
CVD,166,111,2009-08-07,2016-09-09,126,80
SCSC,166,108,2009-10-08,2020-05-13,142,87
BVSN,166,123,2011-10-05,2020-05-11,157,117
ATEN,166,97,2014-03-10,2020-05-18,159,92
SFG,166,121,2009-12-22,2016-02-08,135,99
PRLB,166,118,2012-02-24,2020-05-27,157,109
UEIC,166,110,2010-01-12,2020-05-19,154,101
SIRO,166,98,2009-12-04,2016-02-29,147,81
CASH,166,105,2009-08-06,2020-05-15,103,85
GLT,166,126,2010-06-14,2020-05-07,153,116
PKX,166,142,2009-10-12,2020-05-11,105,89
ESTE,166,135,2011-01-24,2020-05-08,151,124
KELYA,165,118,2009-07-27,2020-05-05,133,92
FCH,165,126,2010-03-08,2017-08-09,144,110
RPAI,165,125,2012-04-05,2020-06-11,129,98
SINO,165,118,2011-01-16,2020-06-08,153,106
IDN,165,141,2009-08-25,2020-05-06,134,115
NVGN,165,109,2009-09-29,2017-11-12,162,106
SR,165,122,2009-08-12,2020-05-15,132,95
MYRG,165,138,2010-01-19,2020-06-10,140,113
BANR,165,145,2009-10-22,2020-05-14,132,114
HCHC,165,114,2014-12-03,2020-06-11,146,98
QUIK,165,126,2009-11-17,2020-05-26,147,113
HTA,165,125,2012-07-19,2020-06-11,151,112
AIRM,165,118,2010-03-11,2017-03-14,155,109
GMLP,165,124,2011-03-30,2020-06-09,143,111
KAI,165,103,2010-07-12,2020-04-29,153,94
TNA,164,151,2009-10-08,2020-04-30,84,79
KWR,164,125,2010-08-12,2020-05-13,139,107
CSTE,164,97,2012-04-04,2020-05-06,158,92
NVMI,164,118,2009-10-13,2020-06-08,135,96
CHSP,164,111,2010-10-08,2019-08-01,161,108
VLY,164,138,2009-08-18,2020-06-11,117,95
CPS,164,116,2011-06-07,2020-06-08,138,97
PRTS,164,126,2010-02-26,2020-06-03,135,103
KEP,164,124,2009-11-05,2020-03-27,148,108
DXJ,163,144,2009-12-31,2019-12-05,156,137
HAYN,163,122,2009-11-25,2020-05-04,147,107
CPAH,163,95,2012-09-13,2020-04-24,150,89
CGI,163,114,2010-10-26,2019-05-22,153,107
LTC,163,145,2010-01-11,2020-06-08,143,128
SPU,163,103,2010-03-05,2019-08-13,157,98
OESX,163,116,2010-12-13,2020-06-04,153,109
DYAX,162,92,2009-11-20,2016-01-26,149,80
LNCE,162,96,2010-03-09,2018-03-23,150,85
CYS,162,123,2010-04-27,2018-07-27,142,106
ARGT,162,140,2011-03-03,2020-03-03,161,139
BCOV,162,84,2011-08-24,2020-04-30,156,78
MODN,162,90,2013-02-13,2020-05-20,148,82
SFS,162,74,2014-09-11,2019-05-14,162,74
FTD,162,91,2014-03-05,2019-06-11,162,91
HEP,162,132,2009-12-07,2020-05-11,137,110
MPO,162,123,2012-04-20,2019-08-07,162,123
NWN,162,118,2010-01-04,2020-05-11,137,97
GTE,161,130,2009-11-25,2020-05-18,146,118
FMI,161,101,2013-09-24,2018-08-07,161,101
USAK,161,122,2010-06-10,2020-06-03,151,112
HME,161,117,2009-08-18,2015-10-05,129,94
HAFC,161,128,2010-05-18,2020-05-14,138,110
SIFY,161,122,2010-01-27,2020-04-29,145,107
IRET,161,118,2010-04-06,2020-05-11,148,108
SOXL,161,153,2010-08-31,2020-02-28,109,105
CVU,161,123,2009-08-13,2020-05-28,142,106
AIMC,160,101,2010-01-19,2020-05-21,138,83
EDC,160,150,2009-08-10,2019-12-17,73,70
RXDX,160,110,2014-03-13,2018-01-10,160,110
BRFS,160,131,2010-02-19,2020-05-26,135,110
ENTR,160,106,2009-12-10,2020-04-21,132,81
ESNT,160,114,2013-09-16,2020-06-10,109,77
ALQA,160,90,2013-11-19,2019-05-06,160,90
AVD,160,122,2009-11-19,2020-05-11,148,110
CREG,160,101,2011-05-17,2020-05-21,147,93
CYD,160,133,2009-09-24,2020-05-26,135,115
ESIO,159,101,2010-10-28,2019-01-29,155,97
HSII,159,107,2009-10-27,2020-04-28,144,93
RMAX,159,105,2013-08-20,2020-05-08,149,97
QLYS,159,104,2012-10-23,2020-05-26,146,94
PCH,159,132,2010-01-13,2020-05-04,141,114
MOBI,159,93,2011-02-01,2017-06-30,157,91
MSTR,159,116,2009-10-30,2020-04-30,140,102
RFP,159,115,2012-08-27,2020-06-05,147,104
ACCO,159,98,2012-04-13,2020-05-04,151,92
HSGX,159,95,2014-11-14,2019-09-30,159,95
ROLL,159,107,2010-03-30,2020-05-20,145,97
MKL,159,127,2009-10-30,2020-05-13,135,104
CCRN,158,104,2009-10-02,2020-05-26,134,85
IRE,158,120,2009-09-17,2015-02-05,114,85
UEC,158,133,2009-08-14,2020-05-15,139,114
UAM,158,105,2010-03-16,2017-02-28,125,86
PGTI,158,96,2010-11-04,2020-05-14,139,86
MTBC,158,101,2014-07-10,2020-06-05,137,88
SILC,158,93,2010-10-25,2020-04-30,143,83
ELNK,158,113,2010-04-06,2017-04-12,129,89
CNTY,158,121,2009-11-06,2020-06-05,111,86
STE,158,111,2009-10-04,2020-06-09,143,99
DHX,158,127,2009-10-21,2020-05-07,137,106
FIX,158,127,2009-08-18,2020-06-02,135,110
WSR,158,117,2010-11-22,2020-06-08,142,105
GPT,157,116,2013-06-20,2018-08-09,157,116
BOKF,157,124,2009-10-29,2020-06-08,130,99
MHO,157,126,2010-04-20,2020-05-19,141,112
CCCL,157,106,2010-11-24,2020-06-10,143,93
GILT,157,119,2010-06-08,2020-06-05,146,109
BIN,157,107,2010-01-14,2016-05-18,142,92
GMAN,157,82,2011-04-25,2019-03-08,157,82
SNTA,157,107,2010-02-17,2016-05-03,147,97
SANW,157,118,2010-08-31,2020-05-14,150,113
BSPM,157,110,2010-04-27,2019-12-23,145,100
AR,157,138,2013-09-16,2020-05-01,148,131
ZU,157,72,2013-11-14,2020-01-09,157,72
SJI,156,123,2010-01-04,2020-05-18,132,100
MPAA,156,94,2011-01-12,2020-05-04,151,89
HOFT,156,94,2010-08-30,2020-06-10,139,80
SKH,156,90,2009-07-27,2015-01-05,104,64
ACUR,156,112,2010-02-23,2020-02-10,146,102
SSD,156,133,2009-08-10,2020-06-08,125,106
ERX,156,148,2009-10-08,2020-03-27,87,83
IVAC,156,118,2010-05-04,2020-04-27,132,97
IYR,156,135,2009-08-29,2020-05-06,105,86
NXTM,156,102,2010-02-25,2019-02-21,140,89
PBA,156,129,2011-01-31,2020-06-11,117,97
IPAS,155,111,2009-08-13,2019-02-13,151,107
VISN,155,97,2009-12-20,2017-02-27,131,83
DAC,155,121,2009-07-27,2020-05-18,134,101
CDR,155,128,2009-12-15,2020-06-10,122,98
NVFY,155,97,2014-04-14,2020-05-12,151,95
TCP,155,123,2011-11-21,2020-05-12,144,113
VMEM,155,84,2013-08-26,2016-12-09,155,84
GAS,155,112,2009-08-10,2016-07-14,116,82
GXP,155,117,2009-08-18,2018-06-01,142,105
FVE,155,116,2010-08-26,2020-05-07,146,107
NSPH,155,98,2010-01-08,2016-06-20,149,92
MCY,154,87,2009-08-16,2020-05-23,131,70
PTC,154,98,2009-08-13,2020-06-10,139,85
ARI,154,135,2010-05-26,2020-06-09,114,101
SYNL,154,114,2011-02-07,2020-05-19,141,105
VET,154,116,2013-11-06,2020-06-11,112,87
BVN,154,136,2009-08-13,2020-06-09,108,94
PTN,154,110,2009-10-01,2020-05-12,146,102
ARII,154,109,2010-01-15,2019-02-15,146,102
GOGO,154,120,2011-12-23,2020-05-11,147,114
LFVN,154,105,2012-12-05,2020-05-05,150,101
DWRE,154,89,2011-07-15,2016-09-01,154,89
BREW,154,117,2012-05-22,2020-05-06,150,114
TLLP,154,99,2011-05-31,2017-07-21,154,99
MTSL,154,98,2010-10-22,2020-05-04,145,90
CLC,154,97,2009-08-07,2018-01-19,132,78
DPM,154,121,2009-08-10,2017-01-23,139,106
MYE,153,119,2010-08-04,2020-05-07,133,103
IIN,153,105,2010-05-13,2020-05-20,138,94
GFF,153,125,2010-01-08,2020-04-28,138,111
CTO,153,124,2009-08-07,2020-06-01,122,104
ICAD,153,127,2009-08-14,2020-06-01,135,112
PIP,153,122,2009-08-10,2017-06-23,122,97
ISBC,153,122,2009-11-04,2020-06-10,129,99
ORI,153,134,2009-12-22,2020-06-11,107,93
SHLX,153,123,2014-06-18,2020-06-11,119,96
SYKE,152,92,2009-10-06,2020-06-04,139,81
BOSC,152,105,2010-08-11,2020-04-22,145,99
CBMG,152,115,2013-12-13,2020-05-06,148,113
BMR,152,106,2009-09-14,2020-04-09,129,87
KMG,152,82,2011-01-03,2018-10-02,151,81
AHP,152,96,2013-12-03,2018-04-09,152,96
ESE,152,114,2009-11-13,2020-05-06,121,89
INUV,152,105,2010-10-05,2020-06-10,130,88
FARO,152,111,2009-11-18,2020-04-28,143,104
MIK,152,93,2011-05-26,2020-06-08,139,86
IPHS,152,113,2010-02-19,2020-02-04,130,96
CEA,151,122,2009-08-10,2020-06-05,111,90
NCIT,151,99,2009-09-18,2017-07-31,135,84
MTRN,151,101,2011-05-03,2020-06-09,135,90
MICT,151,80,2014-06-05,2020-04-20,149,78
OGXI,151,102,2009-12-22,2017-08-01,143,94
UPLD,151,82,2014-11-06,2020-05-21,140,74
CJES,151,101,2011-07-29,2016-07-20,151,101
GTS,151,113,2010-03-29,2020-05-07,137,104
CHMT,151,105,2010-12-08,2017-04-21,146,100
ORBK,151,99,2009-12-23,2019-01-31,142,91
FARM,151,117,2009-08-13,2020-05-07,139,105
RLI,151,120,2009-08-13,2020-04-23,113,93
AIN,151,127,2010-05-20,2020-06-04,127,103
LIQT,151,108,2013-12-18,2020-05-21,141,101
ALLY,151,123,2011-07-27,2020-06-05,135,113
SOXS,151,144,2010-08-31,2020-02-28,104,101
EFOI,151,100,2009-10-02,2020-06-10,127,82
UVE,151,119,2009-08-07,2020-05-28,133,104
WAGE,151,99,2011-07-19,2019-08-27,151,99
CPIX,150,118,2010-08-17,2020-06-04,107,91
RLH,150,125,2010-11-02,2020-06-09,135,113
AMRI,150,103,2011-04-07,2017-08-29,150,103
AMGN,150,74,2019-12-03,2020-06-08,77,35
OAK,150,123,2012-04-13,2019-09-13,150,123
GSIT,150,86,2009-08-31,2020-05-07,110,72
JJSF,150,100,2010-04-15,2020-05-12,131,85
NU,150,117,2009-12-22,2016-04-27,118,91
UTEK,150,104,2010-09-21,2017-05-26,144,99
CDTI,150,100,2014-04-01,2019-10-10,150,100
RCAP,150,74,2013-06-05,2016-05-25,150,74
MDWD,150,102,2014-02-10,2020-05-20,135,93
STL,150,123,2011-03-14,2020-06-11,120,95
VNQ,150,143,2011-03-03,2020-03-24,149,142
SAM,150,80,2018-04-25,2020-06-08,126,64
MBFI,149,106,2009-09-14,2019-03-06,131,91
UTSI,149,108,2009-12-22,2020-05-20,138,97
MATX,149,108,2012-10-22,2020-05-14,138,100
HYGS,149,108,2009-07-27,2019-09-09,145,104
HTLF,149,116,2010-07-27,2020-04-27,137,106
PBF,149,135,2013-01-22,2020-06-05,128,118
IRIX,149,106,2010-11-04,2020-06-04,141,99
FAZ,149,129,2011-07-01,2020-06-10,146,126
OGEN,149,93,2013-10-01,2020-05-29,136,85
AMDA,149,92,2014-01-29,2018-10-31,149,92
USO,149,28,2020-05-08,2020-06-11,0,0
CYN,149,99,2009-08-14,2015-11-02,135,85
FRSH,149,89,2014-04-28,2019-04-12,149,89
DX,149,123,2009-08-18,2020-05-07,129,105
GSS,149,132,2009-08-10,2020-05-07,121,109
NCI,148,108,2009-08-13,2019-10-02,123,84
FELE,148,109,2010-02-17,2020-04-28,140,103
AF,148,113,2009-08-10,2017-09-26,121,90
UAN,148,126,2011-04-08,2020-04-24,141,119
QUNR,148,79,2013-11-01,2016-12-02,148,79
HSOL,148,104,2011-02-16,2015-04-28,147,103
CWEI,148,102,2009-09-03,2017-02-15,138,92
SMP,148,116,2009-08-18,2020-05-14,118,89
SWX,148,124,2009-08-13,2020-05-11,125,104
FSYS,148,113,2009-08-17,2016-05-31,96,69
VGR,148,120,2010-01-13,2020-05-14,122,100
CTS,148,114,2009-08-14,2020-04-23,116,83
ZLTQ,148,80,2011-07-13,2017-04-06,148,80
TGP,148,112,2010-01-13,2020-05-21,136,103
SABR,148,108,2011-05-12,2020-06-09,127,91
CTRE,147,107,2014-10-17,2020-05-31,127,91
RLGT,147,97,2012-01-09,2020-05-11,144,94
SMI,147,111,2009-11-11,2019-06-05,131,98
PB,147,115,2012-01-15,2020-06-11,132,102
KVHI,147,89,2010-02-10,2020-05-01,135,80
MAGS,147,119,2010-01-04,2020-05-14,130,104
BOOT,147,104,2009-11-30,2020-06-02,116,81
CWCO,147,121,2009-12-29,2020-05-15,133,108
HW,147,100,2009-09-07,2017-05-08,138,92
XLS,147,105,2011-12-07,2015-05-26,147,105
OCLS,147,111,2009-05-30,2017-07-13,140,106
RNST,147,113,2010-04-22,2020-04-28,133,100
FAF,147,120,2011-01-10,2020-06-02,130,108
PVTB,147,98,2009-10-26,2017-06-08,125,82
COKE,147,126,2010-05-18,2020-06-01,124,105
III,146,96,2009-08-06,2020-05-13,98,68
TNGO,146,86,2011-07-27,2017-03-16,146,86
VSR,146,86,2009-09-30,2017-09-25,132,72
SSH,146,100,2012-06-29,2017-05-23,146,100
GLF,146,107,2010-02-26,2018-10-26,138,100
SKY,146,115,2009-08-12,2020-05-22,116,93
MSEX,146,129,2009-08-14,2020-05-05,131,115
CRMD,146,114,2011-06-14,2020-05-12,139,108
NPO,146,117,2009-12-18,2020-05-05,127,98
STR,146,108,2010-02-09,2016-09-16,123,90
CSV,146,112,2010-06-29,2020-05-21,135,103
GNE,145,115,2012-07-19,2020-03-12,143,114
ADT,145,105,2012-10-15,2020-06-08,129,92
TESS,145,107,2009-08-18,2020-05-28,134,96
VIV,145,128,2009-08-10,2020-06-11,108,93
PLOW,145,105,2010-12-09,2020-05-06,135,95
YZC,145,126,2009-11-04,2016-11-21,123,107
Y,145,111,2009-04-27,2020-06-02,115,86
HBM,145,123,2010-12-14,2020-06-11,132,110
EFC,145,110,2010-10-08,2020-06-08,117,91
FMBI,144,108,2010-01-13,2020-05-19,118,88
ERY,144,140,2009-10-21,2020-03-27,83,83
LADR,144,105,2014-02-06,2020-06-11,92,73
DLNG,144,94,2013-11-05,2020-06-10,136,89
PQ,144,113,2009-08-11,2018-05-07,135,105
IRMD,144,81,2014-06-18,2020-05-29,135,74
IMUC,144,112,2010-12-01,2019-10-23,141,109
ORPN,144,82,2014-04-08,2019-03-11,144,82
GBL,144,117,2009-10-27,2020-05-08,129,103
MITT,144,97,2011-08-09,2020-06-11,79,59
EXPO,143,98,2010-06-01,2020-06-02,130,86
ECH,143,130,2011-08-14,2020-06-03,141,128
TCCO,143,94,2010-12-13,2020-06-10,129,84
RTH,143,135,2009-10-22,2020-04-30,100,95
CMCO,143,102,2010-01-27,2020-05-27,129,93
TSU,143,108,2010-02-24,2020-06-11,126,92
WLH,143,98,2013-05-16,2020-02-04,143,98
HTH,142,117,2010-01-27,2020-05-19,135,110
GPL,142,120,2011-02-07,2020-05-14,134,112
RNWK,142,117,2009-11-12,2020-06-08,100,82
LANC,142,116,2010-05-18,2020-06-08,128,103
XOOM,142,62,2013-01-11,2017-01-23,142,62
OME,142,99,2009-08-12,2017-11-08,137,94
CUBA,142,89,2009-12-07,2020-03-19,139,86
AKR,142,112,2010-07-28,2020-06-10,113,85
GMO,142,118,2009-08-06,2020-05-05,112,98
PAHC,142,80,2014-03-31,2020-05-08,139,77
RLOC,142,82,2010-07-28,2016-07-29,139,79
AUQ,142,97,2011-05-16,2015-08-18,142,97
BHLB,142,116,2010-10-12,2020-05-14,116,94
TPUB,142,48,2014-08-11,2016-06-16,142,48
CLWT,141,77,2009-06-19,2020-06-08,136,72
PKOH,141,96,2010-05-05,2020-05-08,114,76
MATW,141,99,2009-10-27,2020-05-14,131,89
TWMC,141,100,2010-04-05,2020-06-04,133,92
SLX,141,134,2009-10-14,2019-08-27,92,88
CATY,141,114,2009-08-10,2020-05-19,109,85
ICLD,141,104,2013-11-18,2017-11-16,141,104
TRUE,141,91,2009-08-10,2020-06-10,123,79
MILL,141,112,2010-06-21,2015-07-30,127,98
STRM,141,102,2010-09-08,2020-06-10,129,96
CBMX,141,99,2010-05-05,2017-11-10,140,98
PBMD,141,96,2012-05-24,2017-11-20,141,96
PLUS,141,109,2009-08-07,2020-05-21,122,98
EFA,141,131,2009-08-10,2019-11-13,98,93
JHX,140,116,2009-08-28,2020-03-19,125,103
OIIM,140,110,2010-01-25,2020-05-08,131,103
BCOM,140,110,2011-03-14,2020-05-21,132,104
FMER,140,102,2010-05-17,2016-08-16,121,86
PRAN,140,95,2010-04-19,2019-01-29,138,93
SYUT,140,100,2009-10-27,2017-04-28,116,83
SLRC,140,109,2010-03-22,2020-05-11,111,83
PLKI,140,76,2014-04-14,2017-10-16,140,76
LTS,139,122,2010-02-12,2020-01-31,136,119
PFMT,139,83,2012-09-04,2020-05-29,128,74
BOFI,139,102,2010-02-11,2018-10-01,132,95
HCKT,139,92,2010-11-09,2020-05-07,133,86
DSCO,139,91,2009-08-17,2016-04-18,124,80
BSET,139,116,2009-11-06,2020-05-11,121,101
WYY,139,121,2010-12-31,2020-05-15,133,115
WRE,139,114,2009-08-18,2020-05-14,121,97
PFS,139,112,2009-08-14,2020-04-30,100,81
ENH,139,85,2009-09-22,2017-02-24,128,74
OFG,138,110,2010-01-27,2020-04-29,121,94
DWCH,138,85,2010-06-03,2018-11-15,132,79
HNSN,138,110,2009-07-27,2016-04-26,113,90
TLF,138,120,2009-08-07,2020-05-27,130,112
CLRO,138,111,2010-07-08,2020-06-09,125,101
EQY,138,116,2010-01-13,2017-02-28,118,96
HPT,138,120,2009-11-24,2019-08-09,124,107
GHM,138,97,2010-05-21,2020-06-10,125,87
SRC,138,117,2012-09-27,2020-06-11,120,101
PRGN,138,107,2009-11-19,2016-05-25,127,97
RUSHA,138,105,2011-01-20,2020-04-22,130,98
SOCL,137,115,2011-11-15,2019-11-11,137,115
MELA,137,98,2009-08-23,2016-01-04,118,84
ISSI,137,93,2010-01-29,2015-09-16,105,70
CODE,137,89,2010-12-07,2016-01-22,132,85
WB,137,111,2011-06-13,2020-06-01,127,104
PFSW,137,101,2010-01-15,2020-06-08,117,86
GPX,137,112,2010-09-28,2020-05-14,119,100
NJ,137,87,2009-08-07,2016-08-02,74,68
QTWW,136,109,2009-09-28,2016-03-23,127,100
IL,136,83,2010-09-15,2016-12-09,133,81
VSAR,136,88,2014-03-21,2018-10-12,136,88
FCF,136,118,2009-08-28,2020-05-14,101,85
GRFS,136,101,2011-09-23,2020-05-18,108,81
EGAN,136,101,2011-10-11,2020-05-07,134,99
AMCC,136,103,2010-04-30,2016-12-13,125,93
KANG,136,80,2014-04-07,2018-12-20,136,80
VIG,136,131,2009-11-02,2020-02-04,114,109
ALEX,136,114,2010-02-04,2020-04-30,117,96
CXDC,136,101,2010-03-09,2020-06-01,110,80
PCY,136,126,2009-12-08,2019-07-30,113,103
OMAB,136,124,2010-08-11,2020-06-05,109,99
AOSL,136,100,2010-08-11,2020-05-13,119,88
NEWT,136,110,2010-02-25,2020-05-07,118,95
BRLI,136,84,2010-02-24,2016-07-30,128,78
SXI,136,99,2010-04-14,2020-06-10,116,80
TOWR,136,81,2010-11-24,2019-09-30,130,77
CADC,135,89,2010-07-13,2019-07-09,130,84
ASR,135,128,2009-08-18,2020-06-04,94,89
FFBC,135,113,2009-09-21,2020-05-14,110,89
XPLR,135,103,2013-01-02,2018-08-14,135,103
WGL,135,102,2010-05-11,2018-07-09,128,95
ARCI,135,94,2010-08-12,2019-09-05,131,90
SHOR,135,81,2009-07-27,2017-09-21,126,74
POWR,135,100,2010-08-06,2016-05-09,129,94
PAM,135,107,2010-11-26,2020-05-12,124,96
PCTI,135,110,2010-07-26,2020-05-08,118,96
FORR,135,92,2009-12-14,2020-05-07,121,79
ANV,135,110,2009-08-07,2019-05-31,107,85
HNP,135,109,2009-11-10,2020-03-19,126,100
MYOS,135,98,2014-07-14,2020-06-04,121,86
ARGS,135,93,2014-02-07,2018-04-19,135,93
AEL,134,109,2009-08-10,2020-05-14,112,89
RCPT,134,68,2013-04-25,2015-08-26,134,68
AI,134,110,2009-08-12,2020-05-11,114,93
AMBC,134,107,2013-05-01,2020-05-14,127,101
GEVA,134,83,2011-12-09,2016-09-21,134,83
CBM,134,89,2009-08-06,2019-08-12,121,77
ELD,134,124,2009-12-09,2019-07-09,114,105
ANH,134,116,2009-11-04,2020-06-05,106,93
UIL,134,82,2010-05-25,2016-02-16,121,70
HEES,134,109,2010-11-02,2020-05-08,122,99
TNET,134,85,2014-03-25,2020-04-29,129,81
NP,134,115,2009-11-30,2020-05-08,117,100
ADES,134,108,2010-03-26,2020-05-13,110,89
VVC,134,88,2010-03-24,2019-01-31,133,87
FDN,133,121,2009-08-12,2020-05-15,113,102
FLML,133,94,2010-03-21,2016-12-16,128,89
PKE,133,88,2009-08-07,2020-05-14,110,69
GURE,133,108,2011-06-29,2020-05-26,117,95
TRGT,133,81,2009-10-08,2015-08-21,115,66
BDE,133,78,2010-11-08,2017-08-07,131,76
SCLN,133,90,2009-07-27,2017-10-12,121,81
GSL,133,102,2009-08-10,2020-05-14,124,95
LBY,133,91,2010-10-20,2020-06-01,129,87
STXS,132,106,2009-09-10,2020-05-26,105,83
INDB,132,93,2010-02-24,2020-06-08,120,83
IGLD,132,109,2010-09-30,2019-11-29,130,107
CUI,132,105,2012-04-02,2020-04-23,125,100
AIB,132,94,2009-08-10,2013-12-17,54,35
WHLR,132,116,2012-11-19,2020-05-12,129,113
ALOT,132,96,2009-08-18,2020-05-12,123,88
IIIN,132,81,2009-12-09,2020-06-10,112,67
PRTO,132,69,2014-09-16,2019-11-01,132,69
WTSL,132,63,2013-03-21,2015-04-07,132,63
GIGM,132,108,2009-11-12,2020-06-09,92,77
NRP,132,107,2010-08-06,2020-05-11,114,94
HBIO,132,96,2011-07-01,2020-05-05,121,89
IMDZ,132,86,2014-07-14,2019-04-01,132,86
MNR,132,116,2010-10-01,2020-05-26,122,107
AWH,132,99,2009-10-28,2017-07-07,119,87
IPWR,132,103,2013-11-21,2020-05-29,118,94
NBS,132,107,2009-08-10,2015-09-28,122,97
GRVY,132,100,2010-12-28,2020-06-04,123,92
DRL,132,74,2009-11-09,2015-03-02,119,65
LWAY,131,104,2010-05-29,2020-04-27,118,94
OSN,131,90,2011-04-01,2020-04-20,128,87
JMP,131,112,2009-08-10,2020-04-29,114,96
AMSWA,131,92,2009-09-03,2020-06-05,122,83
PF,131,92,2013-05-07,2018-10-26,131,92
LUB,131,91,2010-05-28,2020-06-05,111,78
SRI,131,98,2009-08-07,2020-05-11,107,77
SPRO,131,100,2011-05-31,2020-06-02,112,84
IDA,131,109,2010-02-08,2020-05-04,108,89
THRM,131,99,2012-06-06,2020-05-28,126,94
SFXE,131,73,2013-09-25,2016-07-27,131,73
HDS,130,86,2009-08-17,2020-06-10,113,76
HILL,130,76,2009-08-10,2015-09-15,118,66
VLP,130,92,2013-09-19,2018-10-31,130,92
AMRN,130,54,2019-12-13,2020-06-08,47,21
FPO,130,103,2010-04-27,2017-09-26,118,91
OMEX,130,100,2010-12-21,2020-04-22,124,95
TISA,130,102,2009-09-30,2019-03-13,129,101
WPCS,130,105,2009-12-15,2018-01-30,119,95
ARDM,130,83,2011-01-20,2019-01-14,129,82
SC,130,109,2014-01-22,2020-06-05,117,97
FCG,130,123,2009-11-03,2020-02-27,97,93
VDSI,130,70,2012-07-26,2018-05-30,130,70
UPL,130,77,2016-01-13,2019-08-09,130,77
MPLX,130,113,2012-11-20,2020-06-10,108,94
CPTA,130,104,2013-05-30,2020-05-14,114,90
DXR,129,81,2009-08-13,2020-05-22,109,69
KONE,129,66,2011-03-14,2018-08-27,129,66
TEG,129,91,2009-09-21,2015-06-29,113,77
RDCM,129,105,2009-10-22,2020-05-12,116,94
TCRD,129,98,2010-08-12,2020-05-12,109,84
USAP,129,103,2011-02-28,2020-04-22,122,97
AVG,129,77,2011-08-16,2016-08-08,129,77
SWM,129,109,2009-08-28,2020-03-27,107,89
RFIL,129,90,2010-12-22,2020-03-12,123,85
OHGI,129,83,2015-02-04,2019-09-12,129,83
FSNN,129,99,2014-11-03,2019-04-23,129,99
GFIG,129,87,2009-09-28,2015-05-05,117,75
PPLT,129,115,2010-02-09,2019-10-29,81,74
ECTE,129,98,2011-06-28,2019-10-04,129,98
AKBA,129,67,2018-12-21,2020-06-10,93,56
TESO,129,93,2009-11-25,2017-12-07,114,80
TGE,128,93,2009-08-18,2020-04-17,116,83
PRCP,128,94,2009-08-17,2020-06-01,119,88
HYD,128,123,2009-11-18,2019-05-17,112,108
VRTV,128,82,2014-07-14,2020-06-08,108,68
GLAD,128,110,2010-10-28,2020-05-04,116,99
TLP,128,96,2009-08-13,2019-02-25,116,85
TRMK,128,107,2009-12-14,2020-05-14,102,85
PCMI,128,73,2013-03-15,2019-08-08,128,73
CPLA,128,84,2012-04-03,2018-07-25,128,84
XME,128,119,2009-10-26,2020-06-03,55,54
LEJU,127,59,2014-04-12,2020-01-28,127,59
NAVI,127,104,2009-08-18,2020-06-09,106,88
CBZ,127,100,2009-10-28,2020-05-06,119,93
TEAR,127,88,2010-11-11,2020-03-05,124,85
BVX,127,87,2010-05-12,2018-12-21,124,84
HASI,127,103,2013-04-04,2020-06-03,114,94
EMCI,127,86,2010-01-11,2019-08-08,122,81
EMB,127,120,2009-12-03,2019-11-22,110,104
LABL,126,80,2010-05-20,2019-02-27,122,76
LEE,126,101,2009-08-10,2020-05-18,111,88
LUX,126,94,2009-11-18,2018-03-01,110,80
BBSI,126,94,2010-04-28,2020-05-05,113,83
LPTH,126,94,2009-08-17,2020-05-11,107,78
EIA,126,109,2009-08-12,2018-10-12,35,35
LCUT,126,95,2010-01-27,2020-05-21,111,84
HPJ,126,85,2009-08-10,2019-10-30,123,82
APL,126,94,2010-03-25,2016-10-11,107,77
SUSQ,126,85,2010-03-08,2015-07-15,110,72
ROYL,126,101,2010-06-16,2019-12-20,116,94
NOA,126,109,2009-08-07,2020-05-08,103,87
CKP,126,87,2010-02-23,2016-05-10,103,69
CNTF,126,85,2009-08-17,2019-09-13,115,78
GBCI,126,110,2009-08-17,2020-06-08,108,92
OTTR,125,84,2010-04-05,2020-03-17,117,78
LYTS,125,99,2010-08-19,2020-04-24,108,89
PCTY,125,86,2014-04-14,2020-05-22,109,77
FELP,125,82,2014-06-09,2019-11-08,125,82
GIG,125,70,2012-05-01,2019-11-25,125,70
ISNS,125,90,2010-02-08,2020-06-02,118,83
WLDN,125,96,2010-11-11,2020-05-07,110,83
EBR,125,101,2009-08-07,2020-06-08,101,80
PATK,124,110,2010-08-02,2020-06-10,107,95
ELON,124,86,2009-08-10,2018-09-14,92,61
AMBA,124,84,2014-01-10,2020-06-03,113,77
URG,124,92,2009-08-10,2020-03-30,114,82
TENX,124,68,2015-06-16,2020-06-08,97,56
HSKA,124,83,2010-05-06,2020-05-07,117,77
GNVC,124,80,2010-01-19,2017-01-31,106,66
BAK,124,94,2009-12-09,2020-05-13,90,61
FEIC,124,79,2010-10-01,2016-09-21,121,76
CAS,124,93,2009-08-16,2016-12-06,115,84
OPXA,124,84,2009-09-23,2017-07-03,112,75
BTN,124,111,2010-03-25,2020-05-22,107,96
MBLX,124,85,2010-03-19,2017-01-03,110,74
PNNT,124,102,2009-12-22,2020-05-28,107,85
BSQR,123,100,2010-06-03,2020-06-02,112,90
TVIX,123,106,2011-06-09,2020-03-18,122,105
LMOS,123,85,2011-11-01,2017-11-21,123,85
THR,123,85,2011-06-14,2020-06-11,112,77
NEWM,123,92,2014-03-07,2019-11-19,123,92
CYBE,123,85,2010-07-28,2020-06-09,107,70
LPG,123,95,2014-05-07,2020-05-29,111,88
TIGR,122,76,2010-12-07,2020-05-29,108,66
DFRG,122,83,2012-07-20,2019-09-04,122,83
NMIH,122,85,2013-11-08,2020-06-09,94,70
AVL,122,89,2011-01-04,2015-09-02,109,79
AGX,122,98,2009-08-07,2020-06-09,109,87
PFSI,122,101,2013-05-09,2020-05-20,110,91
ICD,122,84,2014-07-31,2020-06-11,78,60
ASC,122,94,2013-08-14,2020-05-27,112,87
MNTX,122,101,2010-08-11,2020-05-27,110,90
CMCM,122,72,2014-05-12,2020-06-10,115,69
INCR,122,67,2014-10-27,2018-01-03,122,67
EMMS,122,88,2010-03-03,2020-04-27,105,76
CTRX,122,70,2012-07-12,2015-09-09,122,70
VLRS,122,105,2013-09-18,2020-06-11,109,92
SMPL,122,74,2014-09-29,2020-05-02,101,62
ININ,122,73,2009-10-13,2016-12-02,103,61
KTCC,122,75,2010-01-27,2020-04-30,107,63
FORD,122,86,2009-09-01,2020-05-22,115,79
MTLS,122,99,2014-06-12,2020-05-27,109,89
KOF,122,99,2010-02-10,2020-03-23,108,86
EXAR,121,80,2009-09-21,2017-05-09,111,71
NOR,121,88,2010-06-23,2015-11-27,98,71
TARO,121,97,2012-04-05,2020-06-10,107,86
EWH,121,113,2009-08-17,2020-05-25,70,66
DRAM,121,99,2009-08-17,2017-07-06,101,81
RNF,121,95,2011-10-26,2016-03-28,121,95
RCKY,121,101,2009-11-02,2020-04-28,109,90
FATE,121,97,2013-10-01,2020-06-09,104,84
PTRY,121,78,2009-12-02,2015-02-10,104,64
DTLK,121,77,2009-10-15,2017-01-06,112,70
TRAK,121,74,2010-02-11,2015-10-01,110,65
SAPE,121,74,2009-08-14,2016-07-14,104,58
MCC,121,94,2011-01-20,2020-05-12,113,86
SDY,121,117,2009-11-11,2020-03-24,112,108
LMIA,120,75,2010-03-30,2017-06-08,115,70
EVGN,120,97,2013-11-06,2020-06-08,109,88
RELL,120,86,2010-04-19,2020-04-08,107,76
OPY,120,102,2009-08-25,2020-06-01,86,78
TVPT,120,67,2014-09-25,2019-05-21,120,67
KTWO,120,79,2014-09-02,2018-11-08,120,79
WSBC,120,105,2009-11-10,2020-05-14,104,90
GBSN,120,83,2014-08-08,2017-06-01,120,83
VTAE,120,54,2014-09-08,2016-10-17,120,54
ORB,119,77,2009-12-14,2015-07-01,102,62
TTGT,119,89,2010-10-13,2020-05-07,110,80
UBSH,119,93,2010-06-10,2019-05-03,114,88
AAON,119,98,2009-08-10,2020-05-15,97,79
UFI,119,98,2010-06-15,2020-05-08,99,80
GBDC,119,100,2010-05-25,2020-05-13,103,85
LRAD,119,105,2010-09-29,2019-10-10,117,104
BMA,119,96,2010-04-21,2020-06-09,97,77
CVCO,119,96,2010-05-03,2020-05-26,106,85
LLEX,119,92,2014-03-31,2020-04-24,111,86
LDL,118,104,2009-08-13,2020-05-14,96,85
OEC,118,86,2014-07-21,2020-05-28,108,77
KBE,118,106,2009-11-06,2019-10-05,58,53
AST,118,93,2014-10-20,2019-01-24,118,93
HI,118,93,2009-08-12,2020-05-06,103,79
RM,118,86,2012-03-28,2020-05-18,105,75
HCI,118,92,2012-12-03,2020-06-01,111,86
HRTX,118,91,2014-03-31,2020-06-04,113,87
DYNT,118,92,2010-01-14,2020-06-08,78,66
UCBI,117,104,2009-09-25,2020-06-03,105,92
TEP,117,93,2013-06-10,2018-06-26,117,93
FREE,117,93,2009-08-10,2016-01-14,72,62
TIK,117,77,2010-05-05,2019-03-11,114,74
NC,117,92,2009-08-07,2020-05-07,83,73
TBK,117,87,2014-09-19,2020-06-02,104,78
ADVS,117,72,2009-08-18,2015-05-18,96,53
BIOD,117,87,2009-12-10,2016-10-24,94,72
DEM,117,112,2010-03-29,2020-04-22,109,104
OPB,117,75,2014-04-16,2020-05-27,110,69
DTO,117,109,2009-10-21,2013-09-03,49,49
ECR,117,82,2014-06-09,2019-02-11,117,82
EPHE,116,111,2010-11-29,2019-05-31,112,107
FWP,116,69,2014-08-11,2020-05-15,103,63
QTWO,116,83,2014-03-19,2020-05-22,104,72
ASMB,116,81,2015-03-19,2020-05-27,113,78
SCO,116,107,2009-08-17,2017-07-10,32,30
AHGP,116,87,2009-12-23,2018-04-30,98,71
EPV,116,105,2009-11-20,2016-07-26,91,81
IDSY,116,101,2009-09-10,2019-09-24,112,97
SPRT,116,90,2010-12-17,2020-03-18,114,88
DLA,116,82,2009-08-07,2020-05-28,99,65
ALG,116,100,2010-01-12,2020-06-09,105,90
EXA,116,47,2012-06-28,2017-10-12,116,47
GTI,116,78,2010-02-24,2015-07-29,103,67
ASCMA,116,93,2010-12-03,2019-07-01,112,90
EBF,116,96,2010-06-02,2020-04-20,100,80
YUME,115,68,2013-07-02,2018-01-11,115,68
ELOS,115,91,2009-08-13,2017-06-15,99,78
PSG,115,58,2014-08-19,2017-01-27,115,58
LEU,115,96,2014-10-01,2020-05-15,112,93
BCPC,115,96,2010-03-03,2020-05-04,107,88
CIB,115,94,2009-08-07,2020-03-26,88,71
MGEE,115,110,2010-10-19,2020-05-13,101,96
TWIN,115,87,2010-10-19,2020-05-01,101,77
UBSI,115,100,2009-11-24,2020-06-10,84,71
ROIC,115,99,2011-01-12,2020-06-05,91,76
STBA,115,101,2010-01-27,2020-06-01,98,86
PME,115,90,2014-09-03,2020-05-11,113,88
SIMG,115,65,2009-09-29,2015-03-23,94,55
ENVA,115,73,2015-03-26,2020-05-14,98,61
EGBN,115,82,2009-09-10,2020-04-22,99,67
FLXN,115,96,2014-01-08,2020-05-27,102,85
CVBF,115,97,2009-08-17,2020-05-27,85,70
ASB,115,96,2009-08-03,2020-06-05,92,73
SPH,115,101,2009-12-28,2020-05-29,94,81
ACRE,114,91,2012-04-26,2020-05-08,97,78
KBSF,114,68,2016-05-02,2020-04-21,111,66
CMD,114,71,2010-03-05,2020-06-04,86,53
KGJI,114,92,2010-08-03,2020-06-01,106,84
GMT,114,90,2009-08-17,2016-05-23,83,61
AETI,114,75,2010-04-27,2019-07-24,113,74
CDI,114,86,2009-08-07,2017-09-12,91,68
SCTY,114,81,2012-11-27,2016-11-16,114,81
NTIC,113,57,2010-07-20,2020-04-23,103,50
BPFH,113,93,2009-08-10,2020-05-01,78,63
CSS,113,77,2009-08-19,2020-01-22,106,70
BASI,113,92,2009-08-10,2020-05-14,103,84
GUID,113,73,2009-08-17,2017-09-07,107,68
PGRE,113,83,2014-08-27,2020-06-11,93,64
IRF,113,73,2009-12-11,2015-01-08,86,54
VVI,113,88,2010-12-02,2020-05-27,90,68
IMNP,112,85,2014-09-08,2018-07-27,112,85
CRAI,112,74,2010-01-15,2020-04-30,81,56
KMPR,112,88,2011-09-14,2020-05-07,104,81
ESRT,112,95,2013-10-01,2020-06-10,91,76
ARTNA,112,98,2010-04-12,2020-03-12,105,91
PRPH,112,89,2011-07-05,2020-05-27,107,84
NEP,112,101,2010-01-20,2020-04-23,93,84
IMI,112,72,2011-11-18,2019-08-08,112,72
SIGI,112,92,2010-01-11,2020-05-14,95,77
ANAD,112,74,2009-10-20,2017-04-11,97,61
GAIA,112,89,2010-10-18,2020-06-10,100,79
ARCW,112,89,2011-05-31,2020-03-23,110,87
FSP,111,80,2009-09-18,2020-06-02,103,72
IEC,111,89,2009-08-14,2020-06-05,96,76
ITRN,111,79,2010-03-01,2020-05-13,94,68
NTI,111,67,2012-07-26,2016-07-14,111,67
CTG,111,67,2013-07-22,2020-04-21,108,65
HACK,111,92,2014-12-29,2019-12-27,111,92
BKCC,111,91,2009-10-26,2020-05-15,78,63
STAR,111,92,2009-08-07,2020-06-03,89,72
FF,111,85,2009-08-07,2020-06-05,100,75
VSEC,111,110,2009-08-31,2020-05-27,100,99
ICCC,111,84,2009-09-30,2020-05-14,98,71
SFE,111,97,2009-11-04,2020-04-06,96,84
GTY,111,88,2010-06-18,2020-06-08,96,74
AP,110,99,2011-05-03,2020-05-06,100,91
ONP,110,89,2010-04-13,2018-08-01,86,71
CENX,110,77,2018-05-30,2020-06-05,89,60
SYX,110,86,2009-08-07,2020-03-31,99,75
TACT,110,94,2009-11-03,2020-06-10,94,79
FLL,110,86,2010-02-18,2020-05-27,98,77
RIBT,110,89,2014-06-04,2020-05-05,104,84
CXP,110,91,2013-10-10,2020-06-03,99,80
CJJD,110,81,2010-11-26,2020-06-05,90,67
VECO,110,63,2017-08-03,2020-06-05,94,52
GXG,110,101,2011-05-17,2019-08-26,110,101
O,110,84,2018-10-31,2020-06-11,59,47
RAS,110,93,2011-04-12,2018-05-11,110,93
ATNI,110,95,2010-01-15,2020-05-01,90,76
ABM,110,56,2017-09-07,2020-05-27,96,46
FANG,110,73,2019-05-08,2020-06-10,72,52
AGG,110,106,2009-12-16,2020-05-13,97,93
PRSS,110,75,2012-03-29,2018-10-01,110,75
AEHR,110,64,2017-01-05,2020-05-19,104,58
EMAN,109,80,2011-03-16,2020-05-15,99,74
ENG,109,86,2010-05-19,2020-03-26,106,83
KOSS,109,86,2009-12-02,2020-05-07,97,75
LOCM,109,83,2010-06-02,2015-06-24,86,65
FFIN,109,104,2010-02-02,2020-05-05,102,98
SMIT,109,73,2011-01-11,2020-04-14,107,71
BERY,109,82,2012-11-12,2020-05-05,97,71
COLB,109,85,2011-06-03,2020-05-14,104,80
JOUT,109,74,2010-12-03,2020-05-05,105,70
SKIS,109,59,2014-11-10,2019-09-25,109,59
SERV,109,70,2010-08-30,2020-06-11,87,57
UUUU,109,81,2013-12-02,2020-05-20,104,76
SCOK,109,75,2010-03-05,2015-07-13,81,58
MY,109,84,2010-10-01,2016-06-06,96,76
TBBK,109,88,2009-12-08,2020-04-30,99,79
EVLV,109,69,2014-12-22,2019-07-16,109,69
SOHO,109,88,2013-09-18,2020-06-09,90,74
JCS,109,99,2010-09-02,2020-05-29,100,92
JJG,109,63,2010-05-24,2020-05-05,89,45
AGII,108,85,2010-01-11,2018-04-23,97,75
VTI,108,101,2009-08-13,2020-05-13,90,83
PDFS,108,91,2010-02-05,2020-05-07,104,87
NWPX,108,93,2009-09-22,2020-05-07,100,85
SNAK,108,72,2011-02-11,2017-11-07,107,71
EVOL,108,89,2009-08-17,2020-05-18,103,84
HMN,108,93,2009-09-11,2020-05-14,93,78
FMX,108,92,2010-01-11,2020-04-30,83,70
COSI,108,86,2009-08-10,2016-10-11,102,80
SUPN,108,79,2012-06-29,2020-05-12,104,75
UMBF,108,83,2010-09-02,2020-05-13,98,73
UTL,108,93,2010-04-14,2020-05-06,92,79
USEG,108,95,2010-09-01,2020-06-08,93,81
SALM,108,98,2009-11-17,2020-06-01,99,91
WMK,108,98,2010-03-12,2020-05-11,88,80
XENT,107,65,2014-07-14,2020-06-09,98,60
OGS,107,75,2015-01-20,2020-05-15,96,65
PER,107,65,2009-08-06,2020-04-23,64,47
BBGI,107,83,2010-03-05,2020-03-23,102,78
ERIE,107,99,2009-12-30,2020-05-07,90,83
RTI,107,73,2009-08-14,2017-04-20,90,57
SMTX,107,88,2010-03-11,2020-05-06,93,76
SAAS,107,72,2009-08-13,2016-08-04,100,65
TWER,107,77,2010-08-21,2019-02-25,101,71
SALT,107,90,2014-01-06,2020-06-09,101,86
SPNS,107,82,2009-09-09,2020-06-04,98,76
GOV,107,89,2010-01-14,2018-12-17,98,81
UVV,107,88,2010-01-13,2020-05-27,84,66
CYRN,107,75,2014-02-24,2020-05-21,98,69
QBAK,107,90,2010-09-23,2020-05-07,94,81
ZINC,107,76,2009-08-14,2016-02-02,95,65
EVI,107,88,2010-09-24,2020-05-11,103,84
EEV,107,104,2009-08-13,2015-09-11,73,72
WBK,106,96,2010-03-08,2020-04-13,77,70
LG,106,82,2009-08-07,2016-04-26,90,68
YY,106,81,2012-11-21,2020-05-21,100,77
TICC,106,91,2010-03-11,2018-03-20,100,86
TEO,106,73,2010-06-03,2020-05-04,94,61
FBR,106,88,2009-09-03,2018-03-19,89,72
CNIT,106,87,2011-03-08,2018-05-29,106,87
INS,106,92,2009-08-17,2020-05-05,101,87
BBX,106,94,2010-06-02,2020-05-13,80,71
GRC,106,84,2009-08-10,2020-04-23,80,64
AQXP,106,62,2015-09-22,2019-08-09,106,62
NEO,106,77,2012-12-17,2020-04-29,95,70
IMO,106,84,2009-09-17,2020-05-01,94,73
PPBI,106,86,2010-02-02,2020-04-29,96,77
PRSC,106,91,2009-10-20,2020-05-28,88,76
GFA,106,98,2009-09-02,2018-01-18,56,51
EWM,106,102,2009-11-12,2019-02-26,82,79
BPT,106,86,2010-07-14,2020-04-07,90,72
GSI,106,81,2009-08-17,2017-06-26,76,54
EAC,105,74,2009-11-02,2016-11-09,101,71
BH,105,87,2010-07-02,2020-03-23,76,66
NWBI,105,91,2010-07-27,2020-05-14,91,78
AHH,105,79,2013-06-03,2020-06-01,88,66
PHMD,105,69,2010-03-15,2017-09-14,103,67
HFWA,105,84,2009-09-17,2020-05-14,83,65
CCM,105,80,2010-09-10,2020-01-27,99,75
RGCO,105,87,2010-09-30,2020-05-14,96,79
DW,105,89,2010-02-22,2016-11-17,84,72
ATTU,105,74,2014-12-02,2019-04-08,105,74
DRII,105,58,2013-07-09,2016-08-16,105,58
IOSP,105,78,2009-10-30,2020-05-05,100,73
URA,105,97,2010-11-08,2017-12-04,81,75
MBWM,104,67,2011-01-20,2020-04-21,97,60
ASFI,104,83,2009-12-16,2020-06-01,88,71
DARA,104,79,2009-09-16,2015-12-02,91,70
RTK,104,88,2009-08-17,2017-08-10,94,79
BRKL,104,88,2010-04-01,2020-05-14,85,71
IEF,104,102,2009-08-17,2020-03-03,81,80
TXTR,104,56,2013-06-07,2016-06-01,104,56
CLIR,104,84,2012-09-27,2020-06-04,99,80
NNI,104,90,2009-08-10,2020-05-12,78,67
MHGC,104,83,2009-08-17,2016-11-10,80,64
MSTX,104,69,2013-06-05,2017-04-20,104,69
AVX,104,82,2009-11-17,2020-02-25,88,71
XTLB,104,76,2011-06-01,2020-03-19,96,70
USTR,104,83,2010-07-29,2015-05-06,94,75
LBAI,104,91,2010-06-24,2020-05-01,94,82
QID,103,95,2009-07-24,2020-02-13,65,61
LXFR,103,75,2012-10-03,2020-04-27,96,69
DSCI,103,65,2011-02-28,2017-02-23,102,64
TIP,103,97,2009-08-17,2019-06-20,65,62
GLRE,103,86,2010-04-15,2020-06-02,90,74
NEU,103,85,2009-10-08,2020-04-22,89,71
CDW,103,83,2013-06-14,2020-06-09,85,73
TAX,103,70,2012-09-21,2018-08-02,103,70
QLTY,103,73,2009-10-12,2015-08-18,91,63
TRK,103,68,2009-11-06,2019-08-26,97,62
CMN,103,70,2009-10-04,2016-11-16,86,57
WSFS,102,83,2009-11-30,2020-04-29,89,71
MLAB,102,82,2010-10-11,2020-06-10,92,74
CACH,102,62,2010-01-12,2015-02-04,92,54
TMV,102,96,2009-12-03,2019-09-11,47,46
EPE,102,80,2010-01-08,2019-05-08,91,72
STC,102,83,2009-07-08,2020-04-24,88,72
SMED,102,84,2009-12-07,2020-04-29,85,69
HGR,102,75,2010-08-02,2016-02-26,83,61
BANC,102,89,2011-09-28,2020-05-26,96,83
OCFC,102,82,2009-12-17,2020-05-04,88,68
IVV,102,102,2009-09-03,2020-05-13,85,85
HUSA,101,61,2010-02-17,2020-03-20,90,53
EIG,101,85,2010-01-11,2020-06-09,64,57
DDC,101,58,2013-04-04,2017-09-06,101,58
NWBO,101,77,2011-03-16,2020-03-24,100,76
CHFC,101,75,2010-08-12,2019-07-24,100,74
DCM,101,84,2009-08-10,2018-01-22,84,67
IMKTA,101,90,2010-03-12,2020-05-07,92,81
AMBR,101,49,2014-03-05,2019-07-02,101,49
MAG,101,89,2009-08-12,2020-04-28,79,70
MGIC,101,83,2009-08-07,2020-05-26,64,55
PBPB,101,68,2013-10-02,2020-06-04,95,62
OXFD,101,66,2013-11-22,2020-06-05,86,55
GVP,101,85,2009-10-29,2020-06-05,91,75
NMR,101,84,2009-09-24,2020-04-16,88,71
MTGE,101,69,2011-08-03,2018-08-21,101,69
GB,101,72,2009-08-18,2020-04-07,82,57
SYMX,101,78,2010-06-03,2017-11-30,98,76
TKAI,101,51,2014-09-15,2017-05-10,101,51
PFBC,101,88,2009-09-01,2020-06-04,87,75
UFCS,100,81,2010-07-26,2020-05-14,86,70
CASM,100,78,2009-08-16,2019-02-13,85,65
LONG,100,59,2009-08-06,2016-03-16,71,40
RMCF,100,84,2010-04-21,2020-06-09,85,69
NYRT,100,70,2014-04-15,2018-10-30,100,70
LDR,100,69,2009-12-01,2017-10-12,91,62
BSI,100,66,2009-09-08,2016-08-10,92,58
PMD,100,83,2010-09-24,2020-05-13,86,70
XRS,100,70,2010-12-21,2016-11-14,93,65
FIBK,100,91,2010-10-05,2020-04-30,93,84
RGLS,100,82,2012-11-29,2020-05-14,96,78
ACU,100,79,2009-08-14,2020-04-17,89,69
CARV,99,61,2010-05-24,2020-03-10,94,56
NDLS,99,68,2013-06-27,2020-05-07,91,61
AWX,99,49,2012-03-17,2020-05-14,97,47
BSTC,99,90,2010-10-12,2020-05-29,91,83
NGHC,99,71,2014-03-24,2020-04-29,89,62
WSTC,99,59,2013-03-11,2017-08-03,99,59
OBCI,99,72,2009-08-14,2020-05-27,75,54
NXTD,99,80,2014-04-09,2020-06-10,97,78
NTT,99,84,2010-01-26,2017-02-10,80,66
NEWP,98,68,2009-12-11,2016-10-13,84,57
DMRC,98,76,2010-09-21,2020-06-09,80,64
GPRK,98,79,2014-01-21,2020-05-28,85,70
SYPR,98,72,2010-05-20,2020-05-20,86,62
TCPC,98,79,2012-04-04,2020-05-15,86,67
ABTL,98,72,2010-06-27,2017-10-09,92,66
BMRC,98,71,2010-07-20,2020-04-20,83,60
RNDY,98,53,2012-02-08,2016-07-13,98,53
CHMI,98,75,2013-09-26,2020-05-13,73,58
RNA,98,43,2013-07-23,2015-01-30,98,43
NYNY,98,77,2010-03-08,2019-11-08,91,71
PPSI,98,65,2013-09-25,2020-03-23,95,62
CBRX,98,63,2010-03-21,2016-03-24,92,57
BTG,98,81,2013-06-28,2020-04-01,91,75
PEGI,98,77,2013-09-27,2020-03-03,96,75
REX,97,70,2011-06-01,2020-05-28,90,64
SFNC,97,87,2010-11-30,2020-05-14,89,79
CCG,97,67,2011-04-15,2016-01-26,97,67
EPIQ,97,68,2010-04-05,2016-09-28,90,62
IQNT,97,65,2012-03-12,2016-11-08,97,65
GCA,97,68,2009-08-10,2015-08-19,79,52
MRKT,97,50,2014-06-16,2016-07-15,97,50
RSTI,97,65,2009-11-25,2016-06-30,86,54
TCX,97,77,2009-10-08,2020-05-07,87,68
INTL,97,88,2010-05-12,2020-06-08,91,82
NYCB,97,83,2013-01-10,2020-06-08,84,72
HBNC,97,87,2010-04-08,2020-05-12,84,75
TPLM,97,75,2010-12-31,2016-06-30,94,73
BAP,97,80,2009-11-04,2020-06-09,76,59
BKEP,97,83,2011-01-18,2020-05-06,93,80
LODE,97,84,2010-11-15,2020-05-07,88,78
AMTX,97,65,2014-07-07,2020-05-14,87,57
IMN,97,80,2010-01-21,2017-02-10,84,69
GNCMA,97,84,2010-03-17,2017-12-26,94,81
PESI,97,87,2010-11-05,2020-05-12,94,84
RGP,97,76,2011-10-06,2020-06-08,92,71
GXC,96,91,2010-05-10,2019-04-29,72,67
CCUR,96,82,2010-04-27,2020-03-24,87,75
HDY,96,67,2009-08-17,2014-05-16,83,55
OXLC,96,84,2011-01-20,2020-06-08,62,55
PSXP,96,86,2013-03-27,2020-05-11,85,76
AEY,96,68,2010-05-11,2020-06-10,77,54
NTIP,96,82,2014-11-14,2020-05-19,90,77
WABC,96,85,2009-10-29,2020-03-12,77,67
CARZ,96,77,2011-05-12,2020-04-29,95,76
CKH,96,87,2010-02-19,2020-04-30,79,72
WMC,96,74,2011-12-12,2020-06-04,92,70
IESC,96,80,2010-01-15,2020-05-05,92,76
MPX,95,76,2009-08-13,2020-04-30,80,62
SBCF,95,78,2009-12-01,2020-04-30,84,67
AFH,95,65,2013-02-12,2020-06-05,92,62
SRLP,95,73,2013-10-25,2020-06-04,85,67
SRT,95,86,2010-08-11,2020-06-10,81,74
BORN,95,80,2010-10-11,2019-06-07,84,69
FRME,95,83,2009-12-31,2020-05-14,79,68
NTN,95,85,2010-11-11,2020-05-19,90,80
MUB,95,91,2010-02-08,2020-05-16,64,64
NAO,95,68,2014-06-02,2019-06-06,95,68
NEWS,95,73,2009-08-07,2017-12-21,62,57
PARR,95,75,2014-12-30,2020-05-19,82,63
ADK,95,79,2010-08-26,2017-09-20,93,77
CRWS,95,68,2011-01-06,2020-06-10,89,66
MLP,95,89,2009-08-13,2020-03-12,38,37
FFG,95,86,2009-08-28,2020-05-07,80,72
LPHI,94,70,2009-10-22,2015-01-20,61,42
PBFX,94,75,2014-04-03,2020-05-22,68,55
KYN,94,83,2010-01-14,2020-06-11,70,61
DEG,94,68,2009-11-27,2017-03-23,77,54
DUST,94,89,2011-08-24,2020-03-27,91,86
TSRI,94,71,2010-11-29,2020-05-15,90,67
LOV,94,81,2010-12-20,2020-06-04,88,75
EDN,94,64,2010-10-27,2020-01-17,92,63
GRBK,93,71,2014-10-31,2020-05-19,86,65
WTM,93,86,2009-08-17,2020-03-23,79,72
DATE,93,55,2011-05-11,2016-03-21,93,55
SQI,93,63,2010-11-03,2016-08-18,89,59
BIOA,93,64,2013-06-11,2018-05-08,93,64
FRP,93,63,2009-09-28,2017-06-28,91,61
QVCA,93,69,2014-10-20,2018-03-02,93,69
ABGB,93,58,2013-10-17,2016-04-06,93,58
EGAS,93,72,2010-09-16,2017-08-02,85,65
MLNK,93,67,2010-01-27,2017-12-18,84,61
STFC,93,79,2009-12-24,2020-05-14,78,65
AGM,93,85,2009-08-14,2020-05-11,78,71
ODC,93,73,2010-10-12,2020-06-09,85,66
PROV,93,76,2009-11-06,2020-05-05,83,69
WAVX,93,73,2009-08-10,2016-02-01,84,66
PEBO,93,78,2010-10-26,2020-04-21,82,69
AIQ,93,74,2010-07-12,2018-05-16,75,59
NORW,93,68,2010-11-10,2020-05-08,79,55
CMRX,93,78,2013-04-01,2020-05-07,88,75
ATTO,93,72,2014-08-06,2020-05-21,84,63
ACMP,93,66,2012-08-09,2015-01-26,93,66
UHT,92,87,2010-03-22,2020-06-09,82,77
WSTL,92,74,2010-05-18,2020-03-18,86,70
GSB,92,73,2010-03-30,2020-04-29,80,63
MWIV,92,62,2009-12-07,2015-02-25,75,49
PFIE,92,69,2014-06-19,2020-05-06,89,66
MIXT,92,66,2013-08-09,2020-05-29,85,62
SQQQ,92,88,2010-08-13,2019-10-16,78,74
SKM,92,77,2009-12-11,2020-03-23,74,61
DOC,92,79,2013-08-13,2020-06-01,74,63
CHCO,92,80,2010-02-09,2020-05-14,75,66
WIRE,92,82,2009-08-07,2020-04-30,75,65
DYSL,92,73,2010-10-06,2019-08-19,87,68
JYNT,92,67,2014-10-22,2020-05-07,84,61
FNHC,92,74,2013-03-13,2020-05-05,85,67
HMLP,92,62,2014-08-04,2020-05-28,81,53
BSDM,92,78,2009-09-22,2015-04-02,69,58
DAIO,92,73,2010-02-01,2020-04-30,85,66
QADA,92,59,2011-06-09,2020-05-28,81,53
NSSC,92,70,2010-09-28,2020-05-06,80,60
IPDN,92,77,2013-03-05,2020-04-27,90,75
NSAM,92,58,2014-07-08,2019-09-19,92,58
DWSN,91,70,2010-06-03,2020-05-07,79,61
MGRC,91,75,2010-05-05,2020-04-29,77,61
NTLS,91,67,2010-02-26,2016-08-08,83,59
LORL,91,73,2010-07-15,2020-06-08,63,53
DVY,91,87,2009-12-07,2019-08-28,59,56
MVC,91,81,2009-09-08,2020-03-24,83,73
GY,91,74,2009-12-15,2017-03-07,85,68
CPF,91,80,2009-08-17,2020-05-14,68,59
FDUS,91,71,2011-08-04,2020-05-04,76,61
CTIB,91,66,2010-10-18,2020-01-08,88,65
SSB,91,71,2014-07-29,2020-05-14,80,61
CVV,91,81,2009-08-10,2020-05-14,84,74
SSTK,91,64,2012-10-11,2020-04-29,88,62
SIR,91,74,2012-03-07,2018-12-28,91,74
ALDX,90,46,2019-06-04,2020-06-04,49,25
LBIX,90,53,2009-09-24,2018-07-24,83,47
ANGI,90,49,2019-08-08,2020-06-03,49,24
LTRPA,90,67,2015-04-20,2020-06-10,59,45
MCRI,90,83,2010-08-30,2020-05-27,73,69
S,90,40,2019-12-17,2020-04-21,71,25
CAP,90,67,2010-03-04,2015-07-01,59,47
IILG,90,70,2010-01-08,2016-09-27,85,65
EIRL,90,84,2010-05-17,2020-02-29,74,70
MDLY,90,55,2014-08-18,2020-05-15,84,50
HCCI,90,70,2011-04-05,2020-05-01,82,63
PCYO,90,79,2012-02-24,2020-03-19,89,78
TG,90,82,2009-08-18,2020-05-11,82,74
OLP,90,85,2010-12-17,2020-05-07,77,72
SCS,90,25,2018-10-03,2020-06-01,81,18
VIMC,90,58,2010-06-24,2015-12-15,87,56
MFLX,90,59,2010-01-12,2016-06-03,86,56
FXC,90,82,2011-05-03,2017-04-07,90,82
ABAX,90,54,2014-02-28,2018-08-01,90,54
MCGC,90,62,2010-08-04,2015-07-28,83,56
COWN,90,77,2013-08-05,2020-04-29,86,73
UPS,90,36,2020-03-24,2020-06-11,0,0
CHCI,90,76,2010-04-23,2020-06-01,78,65
AKAM,90,39,2019-09-10,2020-06-08,58,20
PRGX,90,79,2009-11-19,2020-04-29,76,70
GIGA,90,65,2009-10-09,2020-02-06,88,63
CNDO,90,59,2011-12-22,2015-04-27,90,59
BANF,89,85,2009-10-05,2020-04-21,70,67
KEQU,89,75,2010-08-25,2020-03-04,81,68
RYI,89,64,2016-10-03,2020-05-20,81,57
UNG,89,69,2019-09-27,2020-06-11,53,42
RHP,89,72,2012-11-12,2020-06-09,73,59
KNOP,89,70,2013-04-09,2020-05-28,78,60
PTSI,89,74,2010-02-19,2020-05-14,82,67
CAR,89,47,2020-03-18,2020-06-10,0,0
HALL,89,78,2010-01-11,2020-06-10,57,52
HLSS,89,58,2012-04-09,2015-04-24,89,58
SYBT,89,80,2010-10-20,2020-05-29,82,73
PSIX,89,63,2012-05-30,2019-12-18,89,63
CBR,89,68,2009-08-10,2017-04-10,82,61
GRT,89,66,2009-09-29,2015-03-16,67,46
ALCO,89,80,2010-01-20,2020-05-28,82,73
PICO,89,77,2010-09-22,2020-05-07,84,72
QLTI,89,50,2009-10-02,2016-11-29,81,44
KLXI,89,57,2015-01-13,2018-09-10,89,57
CSPI,89,67,2010-12-14,2020-05-14,82,62
CSFL,89,68,2010-04-05,2020-05-14,72,54
PWE,89,60,2009-08-14,2017-06-28,80,51
KYTH,89,45,2012-10-11,2015-10-01,89,45
ADNC,89,38,2012-05-10,2015-04-30,89,38
FBIZ,88,82,2010-08-19,2020-04-23,81,75
RDI,88,85,2009-08-18,2020-05-14,72,69
JBSS,88,76,2010-10-27,2020-03-02,84,72
EXLP,88,70,2009-12-28,2015-11-03,79,64
NVGS,88,60,2013-12-16,2020-06-02,78,52
JOEZ,88,56,2010-03-11,2015-09-08,74,44
UGP,88,77,2010-03-16,2020-06-11,58,51
ICL,88,75,2014-09-12,2020-05-12,78,67
SYA,88,69,2010-01-15,2016-01-26,76,58
GIFI,88,76,2010-01-14,2020-05-19,76,64
LRE,88,61,2011-10-28,2015-08-19,88,61
MTEX,88,74,2010-08-04,2020-05-29,80,66
ENTA,88,81,2012-11-06,2020-05-06,85,78
HTCH,88,62,2009-11-03,2016-09-22,83,57
LAND,88,84,2009-12-07,2020-06-08,80,76
OMG,88,63,2010-01-20,2015-10-28,81,56
CAC,88,82,2009-08-10,2020-05-14,69,64
SSY,88,74,2010-03-22,2020-06-02,80,66
ATNY,87,74,2010-09-20,2016-02-29,78,65
ARTW,87,74,2010-07-07,2020-06-04,78,66
ARLP,87,62,2017-07-28,2020-06-09,66,43
JASN,87,61,2014-08-05,2020-01-27,87,61
NWHM,87,71,2014-01-31,2020-05-29,82,66
CBAK,87,68,2009-09-30,2018-11-26,65,52
GWB,87,68,2014-10-03,2020-05-14,69,54
WRES,87,69,2009-09-11,2016-06-03,79,62
PZG,87,77,2009-07-27,2020-02-10,75,66
SGA,87,81,2010-09-09,2020-05-06,75,71
XRM,87,69,2011-02-24,2018-10-17,86,68
NKA,87,52,2010-06-30,2016-06-10,82,47
VLTC,87,50,2013-09-20,2019-03-05,87,50
IEZ,87,79,2009-09-11,2020-06-08,66,59
CRDC,87,73,2010-01-19,2016-06-20,66,57
CEQP,87,78,2014-06-17,2020-06-04,73,65
OCC,87,57,2011-09-12,2020-03-19,85,55
PCOM,87,62,2012-11-08,2020-05-14,78,54
BUSE,86,81,2009-11-13,2020-04-28,74,69
CTHR,86,70,2009-11-19,2020-05-29,77,61
BEL,86,56,2014-11-05,2019-02-27,86,56
KCAP,86,72,2009-10-05,2019-02-26,76,62
BLX,86,76,2010-10-12,2020-04-15,77,67
AVH,86,70,2014-01-21,2020-05-04,75,63
XOXO,86,61,2011-08-05,2018-12-21,86,61
RITT,86,75,2009-09-21,2019-09-30,76,65
CFNL,86,61,2010-03-31,2017-04-18,79,54
JRVR,86,65,2014-12-12,2020-05-07,80,59
CAPL,86,64,2015-03-06,2020-05-12,73,56
WILC,85,64,2010-02-09,2020-05-22,78,59
FEIM,85,69,2010-07-15,2020-04-16,75,60
PNTR,85,66,2010-05-03,2019-08-15,83,64
CKSW,85,54,2009-10-30,2015-05-01,72,43
SVVC,85,74,2011-10-19,2020-04-28,83,72
VPG,85,63,2012-08-08,2020-05-05,76,56
GWGH,85,63,2014-07-11,2020-05-15,81,61
BONA,85,57,2010-12-09,2016-02-16,74,52
LITB,85,56,2013-06-06,2020-04-22,82,54
BMTC,84,78,2010-05-14,2020-06-01,75,69
BFS,84,73,2009-08-10,2020-05-14,59,51
MDY,84,83,2009-11-26,2019-09-12,60,59
LKFN,84,72,2009-11-13,2020-04-27,76,65
SOFO,84,72,2010-09-08,2020-04-22,77,65
PBJ,84,77,2009-11-02,2019-08-14,72,65
ENZN,84,63,2009-11-19,2019-11-19,66,46
EFUT,84,57,2009-06-06,2016-10-24,69,43
DGS,84,82,2009-12-23,2019-07-23,64,62
NPBC,84,62,2009-12-31,2016-01-28,75,53
WGP,84,61,2013-01-02,2019-02-28,84,61
EVTC,84,62,2009-10-15,2020-05-11,80,59
SUNE,84,71,2013-07-12,2016-03-23,84,71
HTM,84,68,2009-08-16,2018-04-23,73,57
ACPW,84,54,2009-10-22,2016-09-30,79,49
EFSC,84,73,2011-01-12,2020-05-14,75,65
ZSPH,84,43,2014-06-16,2016-05-27,84,43
WIBC,84,68,2010-07-02,2016-07-26,80,65
DNN,84,77,2009-08-07,2020-05-06,65,61
DZZ,84,80,2009-11-19,2016-03-15,55,51
AGRO,84,65,2011-01-26,2020-05-14,77,59
ALX,83,77,2009-08-18,2020-05-14,68,62
ARC,83,68,2011-01-21,2020-05-05,80,65
LDRH,83,45,2013-10-09,2016-06-17,83,45
BSRR,83,76,2010-07-14,2020-04-20,76,69
API,83,71,2009-08-07,2015-08-04,52,46
LOJN,83,53,2010-05-25,2016-02-25,77,49
HGSH,83,68,2011-05-31,2020-05-15,82,67
INTX,83,69,2010-08-18,2018-12-31,78,64
CIVI,83,54,2014-09-15,2019-03-07,83,54
WSCI,83,58,2009-12-29,2018-10-29,76,53
OB,83,71,2009-06-09,2017-09-25,67,58
CBPX,83,63,2014-02-05,2019-11-21,83,63
AHC,83,70,2009-08-17,2020-06-05,69,61
XONE,83,65,2013-03-04,2020-05-11,73,58
ESGR,82,75,2009-10-22,2020-05-07,63,58
EDE,82,59,2009-08-12,2016-10-27,74,52
SMN,82,74,2009-08-12,2013-09-04,37,32
MBLY,82,52,2014-06-19,2017-08-01,82,52
MRD,82,52,2014-06-09,2016-09-15,82,52
ELMD,82,68,2010-12-14,2020-05-22,72,58
DAG,82,78,2009-08-16,2012-07-20,32,31
HNRG,82,78,2011-06-10,2020-06-09,71,67
SURG,82,53,2010-06-15,2019-11-05,79,50
FLXS,82,71,2010-08-18,2020-06-01,71,60
RTRX,82,67,2013-08-16,2020-06-08,78,63
RLJE,82,60,2013-04-10,2018-08-27,82,60
CLCT,82,75,2010-03-31,2020-05-06,70,65
SWSH,82,73,2011-04-13,2016-03-28,82,73
AOI,82,67,2009-08-17,2018-09-12,72,57
WAFD,82,69,2012-02-16,2020-04-22,79,66
AV,82,69,2010-07-09,2016-09-07,74,61
BONE,82,64,2011-03-18,2015-09-09,82,64
KINS,82,70,2010-11-03,2020-05-07,75,63
CSLT,82,59,2014-04-08,2020-05-21,74,52
MPET,82,59,2010-05-19,2017-01-19,76,53
XUE,82,51,2010-11-03,2016-05-17,78,47
HWCC,82,63,2010-01-15,2020-05-08,74,56
CLMS,81,66,2010-05-24,2017-02-15,68,56
IBCP,81,72,2009-10-19,2020-04-30,71,64
APAM,81,76,2013-05-15,2020-04-30,74,71
BRT,81,69,2010-08-08,2020-05-19,74,64
DCOM,81,74,2009-07-27,2020-04-28,70,64
INTT,81,59,2010-02-17,2020-05-08,67,48
MERU,81,55,2010-05-27,2015-05-27,78,53
CNOB,81,70,2013-02-01,2020-05-01,75,65
SIEB,81,52,2009-09-28,2020-05-28,76,47
TSQ,81,63,2014-07-14,2020-06-10,75,57
PZN,81,75,2009-12-07,2020-06-04,72,66
IEO,81,78,2009-12-09,2019-09-18,50,49
NSH,81,66,2009-09-11,2018-03-16,73,58
CCS,81,66,2009-08-10,2020-05-06,55,43
HYH,81,46,2014-11-01,2018-06-05,81,46
WHF,81,63,2012-12-05,2020-05-12,71,56
AROW,81,81,2010-08-30,2020-04-24,69,69
PHX,81,72,2009-08-14,2020-06-11,68,60
XNCR,80,71,2013-12-03,2020-05-13,76,67
TLOG,80,44,2013-11-06,2020-03-24,79,43
KUTV,80,49,2010-11-15,2016-07-08,75,44
UBNK,80,64,2010-07-20,2019-10-18,74,59
FISI,80,76,2009-10-22,2020-04-30,72,68
TRR,80,64,2009-08-17,2017-06-08,73,59
PAH,80,56,2014-04-17,2019-01-28,80,56
EBSB,80,74,2010-06-01,2020-04-23,74,68
LMRK,80,70,2014-10-08,2020-05-07,72,62
USDP,80,69,2014-09-30,2020-06-09,71,60
STLY,80,59,2009-12-09,2020-03-24,70,49
BNCL,80,57,2010-05-03,2019-02-27,73,52
NBTB,80,68,2009-07-27,2020-06-01,72,60
PGEM,80,43,2013-06-18,2018-03-05,80,43
RAVE,80,60,2015-02-11,2020-06-10,67,51
MSLI,80,49,2012-03-19,2017-07-10,80,49
ADPT,80,47,2009-08-07,2020-05-19,65,36
EOX,80,60,2012-09-10,2016-03-23,80,60
SP,79,65,2012-10-16,2020-05-15,65,54
EML,79,60,2010-05-19,2020-05-14,67,51
TR,79,76,2009-08-10,2020-04-22,65,62
ALD,79,73,2009-08-13,2016-07-14,71,66
BRSS,79,53,2013-05-23,2019-06-13,79,53
ECC,79,58,2014-10-08,2020-05-21,68,50
USAC,79,63,2013-02-11,2020-06-05,68,55
CDZI,79,65,2010-05-06,2020-03-27,77,63
FDEF,79,59,2009-10-20,2020-04-28,72,52
UACL,79,61,2010-07-29,2016-04-28,75,57
ROX,79,64,2010-11-15,2019-08-30,78,63
IFON,79,53,2010-11-11,2018-07-09,76,50
CCLP,78,57,2015-01-20,2020-06-04,58,45
LIOX,78,62,2010-02-10,2017-04-12,72,56
MOBL,78,54,2014-04-07,2020-04-30,71,48
CHOP,78,52,2010-03-10,2015-04-28,73,48
PFLT,78,68,2011-06-29,2020-05-13,71,61
CRDS,78,61,2011-08-11,2017-08-16,78,61
LOCO,78,51,2014-07-14,2020-05-01,60,42
SHI,78,67,2009-10-28,2020-03-23,66,56
CCU,78,70,2010-02-28,2020-03-12,64,57
ANCX,78,61,2010-10-19,2018-12-20,74,57
PLND,78,73,2010-05-07,2017-04-20,64,59
KRNY,78,70,2010-05-26,2020-05-28,63,58
DVD,78,63,2009-08-10,2020-04-30,47,44
DOOR,78,65,2013-12-18,2020-05-08,68,55
MATR,78,63,2011-12-20,2018-08-20,78,63
NGS,78,71,2010-06-30,2020-05-07,67,60
XCRA,77,40,2014-09-08,2018-08-30,77,40
HBP,77,74,2011-11-17,2020-05-04,71,68
TAT,77,67,2010-07-20,2020-05-18,71,62
TRNS,77,68,2010-10-25,2020-05-19,70,62
FBT,77,74,2010-03-05,2020-02-27,65,64
MRIN,77,52,2013-03-22,2020-05-07,75,50
FRBK,77,71,2010-03-16,2020-04-29,65,60
AAVL,77,41,2014-07-21,2016-05-06,77,41
DRR,77,64,2009-10-27,2016-07-19,62,49
PCYG,77,61,2012-09-25,2020-05-11,75,60
PLPM,77,58,2012-04-02,2017-12-20,77,58
BLT,77,59,2009-08-07,2017-02-02,67,49
RLOG,76,56,2011-02-14,2017-12-22,73,55
ORIT,76,69,2010-06-15,2019-11-15,71,64
CPSS,76,68,2009-08-14,2020-04-15,70,63
CVR,76,73,2009-08-14,2020-05-11,51,50
DISCK,76,70,2010-06-28,2020-06-10,44,39
MCRL,76,59,2010-03-11,2015-07-20,65,50
VTG,76,65,2009-08-18,2015-09-14,63,52
NTK,76,49,2011-12-20,2016-08-08,76,49
SKF,76,74,2009-11-03,2013-09-20,41,40
FUR,76,69,2009-10-15,2016-08-05,69,62
IRC,76,62,2009-10-28,2016-03-23,65,53
NPD,76,61,2009-08-18,2016-07-29,54,40
TPL,75,67,2010-08-23,2020-04-30,66,58
SNR,75,65,2009-09-29,2020-05-19,69,59
LION,75,64,2010-01-29,2019-01-28,71,60
AWRE,75,57,2010-09-24,2020-05-28,68,50
FRM,75,56,2009-09-10,2016-06-10,69,50
ATRI,75,73,2009-11-05,2020-05-07,66,64
MRLN,75,62,2009-08-26,2020-05-06,60,52
EUFN,75,71,2010-05-23,2019-12-06,71,67
VTSS,75,47,2010-12-10,2015-04-16,73,46
NMRX,75,59,2010-02-25,2017-12-06,72,56
JO,75,75,2009-11-02,2017-01-23,59,59
CMLP,75,61,2011-02-22,2015-08-05,74,60
CLDN,74,38,2014-02-24,2016-03-09,74,38
TMF,74,71,2009-12-03,2020-03-16,43,41
FUEL,74,47,2009-08-11,2017-08-09,70,43
EEMV,74,71,2011-10-19,2019-10-15,74,71
BELFA,74,65,2009-12-30,2020-05-01,59,53
APPY,74,55,2009-12-29,2016-12-01,67,50
PHII,74,63,2010-09-09,2019-03-20,68,58
FCB,74,58,2014-07-22,2018-12-20,74,58
PAL,74,56,2009-08-11,2015-07-29,59,42
AXU,74,64,2009-08-13,2020-02-28,69,59
CYB,74,66,2009-11-11,2017-01-10,37,31
SGOL,74,66,2010-02-27,2019-10-01,13,13
SGRP,74,66,2010-11-12,2020-05-04,71,63
POPE,74,68,2010-10-29,2020-05-06,70,65
NHC,74,65,2010-05-25,2020-05-08,64,55
FONR,73,58,2009-10-06,2020-03-11,63,49
GTT,73,63,2013-08-13,2020-05-11,65,56
RBL,73,64,2010-04-03,2017-07-27,63,55
LTXB,73,52,2015-04-13,2019-10-29,73,52
MTSN,73,52,2009-12-02,2016-03-23,66,47
AFOP,73,52,2010-10-04,2016-04-20,66,46
EXL,73,52,2010-12-15,2015-06-15,70,49
FLIC,73,68,2010-07-15,2020-05-13,62,58
REI,73,66,2013-12-31,2020-05-11,65,60
VGZ,73,65,2009-09-16,2020-05-04,59,53
NEOT,73,45,2014-11-10,2018-01-08,73,45
CYAN,73,60,2010-09-03,2020-03-20,62,50
TRST,73,67,2009-11-11,2020-04-23,60,55
JST,73,48,2009-11-18,2016-01-25,59,35
SGMA,73,55,2010-07-13,2020-05-22,66,48
REIS,73,53,2009-12-17,2018-10-01,72,52
SPIL,73,59,2009-08-18,2018-01-23,65,51
HEDJ,72,70,2011-06-06,2019-09-12,72,70
NRX,72,38,2014-01-21,2016-05-02,72,38
ISIG,72,61,2010-10-27,2020-05-12,67,56
ENVI,72,37,2011-07-13,2015-10-27,72,37
LIME,72,60,2009-09-22,2016-09-16,69,57
UBA,72,62,2010-09-08,2020-06-10,60,52
HPTX,72,39,2012-07-26,2015-04-09,72,39
AMTG,72,53,2011-07-22,2016-08-24,72,53
CELP,72,56,2014-01-15,2020-05-19,64,48
RAND,72,56,2010-07-19,2020-05-14,46,44
SSE,72,56,2010-11-10,2016-11-09,69,53
QRHC,72,54,2014-10-29,2020-05-14,70,52
UWTI,72,61,2015-07-08,2017-08-10,72,61
GABC,72,64,2010-10-07,2020-05-08,65,57
VISI,72,49,2014-06-13,2019-09-05,72,49
AMNB,72,61,2010-10-29,2020-04-24,61,51
FORTY,72,68,2010-03-26,2020-06-08,63,60
BALT,72,63,2010-04-23,2015-05-04,57,48
AIRT,71,68,2010-03-15,2020-03-19,63,60
ESCA,71,62,2010-04-21,2020-06-08,63,55
TCS,71,48,2013-10-02,2020-05-12,70,47
VBTX,71,56,2014-08-29,2020-04-30,65,50
SUNS,71,66,2011-03-02,2020-05-07,63,58
EVDY,71,36,2014-03-17,2016-10-24,71,36
EPM,71,63,2009-08-13,2020-06-02,61,54
MRH,71,61,2010-04-08,2015-07-20,61,51
CCSC,71,44,2010-11-17,2015-12-18,68,42
COVS,71,49,2013-09-20,2017-07-25,71,49
LAS,71,56,2010-12-10,2015-04-06,68,54
CRRC,71,44,2010-07-20,2015-06-05,60,36
FMD,71,55,2009-08-12,2016-06-08,64,49
MORE,71,49,2014-12-29,2017-09-14,71,49
IJR,71,71,2009-11-23,2019-12-20,54,54
PGI,70,55,2009-08-17,2015-12-03,56,42
STBZ,70,63,2011-05-16,2018-12-24,70,63
GLOP,70,57,2014-04-07,2020-05-08,67,54
CHEF,70,45,2018-11-01,2020-06-09,27,14
UWN,70,49,2010-08-30,2018-12-17,67,46
CNNX,70,52,2014-09-11,2017-12-26,70,52
ABMD,70,41,2019-10-02,2020-06-05,41,24
KB,70,47,2009-08-13,2020-03-19,46,40
AMRK,70,54,2014-03-12,2020-06-08,62,47
SE,70,44,2020-02-13,2020-06-11,8,6
WINA,70,67,2010-10-13,2020-04-29,60,58
MLR,70,62,2009-12-07,2020-05-06,56,48
EVAR,70,52,2014-03-31,2017-11-01,70,52
BRP,70,37,2011-05-16,2020-06-01,55,27
MCZ,70,59,2010-02-10,2017-03-23,61,51
ARAY,70,35,2018-10-31,2020-04-30,59,30
UCO,70,62,2011-02-23,2020-04-20,65,58
CASY,70,37,2019-06-10,2020-06-10,46,24
PGC,70,65,2009-08-12,2020-05-15,58,54
INFU,70,66,2012-01-18,2020-05-14,66,62
NAII,70,67,2009-09-23,2020-05-14,62,59
MDGN,70,57,2011-04-08,2016-12-06,70,57
PDII,70,55,2010-10-14,2015-12-22,66,51
FEZ,70,68,2010-05-06,2019-10-11,66,64
MFSF,70,62,2010-08-19,2020-03-23,64,56
IRS,69,62,2009-08-07,2020-01-27,56,50
REFR,69,60,2010-06-18,2020-05-19,60,52
CERE,69,47,2013-07-30,2016-06-30,69,47
MTU,69,63,2009-08-13,2018-01-22,52,47
HTBK,69,60,2009-11-02,2020-04-28,59,50
VLGEA,69,66,2010-03-12,2020-03-31,53,52
USA,69,58,2012-01-30,2020-04-06,56,47
ABIO,69,35,2019-05-20,2020-06-10,29,20
NAUH,69,53,2010-10-15,2020-02-13,68,52
UFPT,69,64,2010-11-03,2020-05-05,60,55
NL,69,65,2009-08-07,2020-05-06,60,58
WGBS,69,47,2011-05-31,2017-03-01,69,47
RSO,69,56,2009-12-21,2018-05-04,59,46
XIV,69,31,2011-06-16,2018-04-16,69,31
TLK,68,65,2010-03-23,2020-04-17,44,41
RSE,68,54,2012-02-02,2016-06-23,68,54
RIC,68,56,2009-08-07,2017-11-21,59,48
SGOC,68,50,2011-11-15,2018-12-20,68,50
BJK,68,68,2009-10-30,2020-02-18,61,61
SOXX,68,65,2010-10-27,2020-05-26,59,56
RCMT,68,59,2009-08-17,2020-06-03,53,48
AMPH,68,57,2010-03-02,2020-06-09,47,39
SCIF,68,62,2011-12-20,2018-07-02,68,62
OTEL,68,63,2013-06-21,2020-05-04,60,55
TRMR,68,38,2013-06-27,2017-09-26,68,38
NICK,68,57,2010-10-12,2020-06-04,64,53
LOAN,68,58,2009-08-14,2020-04-13,61,51
CTBI,68,61,2009-12-02,2020-05-14,58,51
HSON,68,52,2012-06-25,2020-03-30,64,49
IXYS,68,54,2009-08-25,2019-01-31,63,49
MPB,68,61,2009-08-12,2020-05-04,56,51
EEI,68,53,2011-03-16,2019-08-29,68,53
ISSC,68,61,2009-10-23,2020-05-15,61,54
PPH,67,65,2009-10-21,2019-09-09,53,51
IPCC,67,55,2009-09-21,2018-06-01,59,49
KWT,67,66,2009-09-08,2016-12-30,44,44
TBNK,67,62,2011-02-07,2020-05-01,63,58
MC,67,59,2012-07-05,2020-04-22,63,56
JRN,67,54,2009-08-07,2015-03-13,52,43
FM,67,63,2012-09-12,2019-10-29,67,63
CFFN,67,57,2009-12-30,2020-03-12,51,43
CPHC,67,57,2010-04-29,2020-06-09,59,50
TRCH,67,49,2014-06-17,2020-06-10,58,44
PPP,67,52,2011-08-29,2017-06-02,67,52
AUMN,67,58,2010-10-06,2020-05-28,57,49
SFBS,67,51,2014-05-12,2020-04-20,65,49
ARKR,67,56,2010-08-27,2020-03-19,58,48
CIO,67,57,2009-08-12,2020-05-22,46,40
MOC,67,47,2011-05-23,2018-09-20,67,47
EIDO,67,65,2010-08-04,2019-01-17,49,47
PTP,67,55,2009-12-31,2015-02-27,56,46
ELRC,67,47,2010-05-05,2016-08-05,60,40
IG,67,55,2010-05-27,2015-10-22,63,51
ABY,67,51,2014-06-02,2017-11-13,67,51
ZX,67,56,2011-05-12,2018-06-15,67,56
PHI,67,56,2010-05-03,2020-04-29,52,41
AMRB,67,57,2009-07-27,2020-04-16,54,46
MXI,67,65,2009-10-27,2020-01-28,20,20
EWD,66,65,2009-12-10,2020-05-13,48,47
BDGE,66,59,2010-12-23,2020-04-16,62,55
PMFG,66,47,2010-07-13,2015-08-27,64,45
CCBG,66,60,2009-09-15,2020-04-23,60,55
PNX,66,53,2009-12-01,2016-05-10,58,45
MFG,66,61,2009-11-13,2020-06-11,47,42
UPIP,66,56,2012-08-15,2016-05-03,66,56
ABDC,66,49,2014-05-08,2019-11-05,66,49
PSEM,66,44,2011-02-02,2015-11-20,64,43
FRN,66,65,2009-08-04,2017-02-19,32,32
MXC,66,46,2010-01-05,2020-06-09,59,39
SCAI,66,50,2013-10-30,2017-04-12,66,50
PWOD,66,61,2010-08-24,2020-04-30,56,51
AKG,66,53,2013-12-17,2020-04-16,65,52
ENLK,66,60,2014-05-12,2019-01-23,66,60
FCNCA,66,58,2009-12-09,2020-05-14,53,47
DXYN,66,58,2010-06-14,2020-03-10,62,54
NATH,66,59,2010-06-11,2020-03-19,61,54
MEA,65,49,2009-08-10,2015-06-16,51,38
AMJ,65,64,2009-10-05,2017-01-26,34,34
TNH,65,59,2009-09-18,2018-03-12,52,48
SGC,65,52,2009-12-29,2020-04-30,57,47
IVAN,65,56,2009-09-11,2015-02-25,48,41
LPTN,65,44,2011-06-09,2016-12-22,65,44
BFR,65,59,2009-08-17,2020-03-20,56,50
OPHC,65,43,2009-11-24,2020-05-05,60,39
RELV,65,52,2010-11-10,2020-05-29,55,44
SPP,65,54,2010-07-11,2020-02-26,53,44
VTV,65,65,2009-12-04,2020-06-02,56,56
WSBF,65,58,2012-12-06,2020-05-14,57,50
TTS,65,46,2012-10-31,2019-10-30,65,46
CAPN,65,45,2014-11-05,2017-05-11,65,45
RBCAA,65,61,2010-07-21,2020-05-14,56,53
TCBK,65,59,2011-01-28,2020-06-04,56,50
ABEV,65,60,2014-01-07,2020-06-08,56,51
TTHI,65,43,2009-12-15,2016-09-01,55,35
MCUR,65,30,2014-07-18,2016-11-12,65,30
GRIF,64,62,2010-09-16,2020-04-09,58,56
IBOC,64,63,2010-01-20,2020-03-23,56,55
CIA,64,52,2009-08-13,2020-05-07,48,37
ADEP,64,40,2010-04-19,2015-10-09,62,38
RYAM,64,53,2014-07-14,2020-06-05,60,50
BBH,64,62,2009-12-16,2020-06-08,52,50
GULF,64,61,2009-11-30,2019-04-16,51,49
TFSL,64,61,2010-08-05,2020-02-06,54,52
SPLP,64,51,2012-08-14,2020-05-07,61,48
DGICA,64,56,2010-08-06,2020-06-10,59,51
ULBI,64,56,2009-12-07,2020-04-30,54,47
HCOM,64,50,2011-07-05,2018-06-19,64,50
UCFC,64,54,2011-08-31,2020-01-21,64,54
CVEO,64,46,2014-09-29,2020-05-07,60,43
PMBC,64,59,2009-12-03,2020-05-14,57,52
SSN,64,52,2010-07-20,2017-11-16,55,44
CTT,64,57,2010-09-02,2020-05-08,61,54
LXFT,64,45,2013-07-22,2019-01-22,64,45
UVSP,64,57,2009-08-06,2020-06-01,51,45
XNET,64,55,2014-11-25,2020-05-14,60,51
UUU,63,50,2010-03-31,2020-02-19,60,47
SXE,63,51,2009-10-19,2019-02-27,52,43
DPRX,63,39,2014-03-13,2017-02-13,63,39
SNBC,63,50,2010-07-08,2017-10-26,54,44
REXI,63,51,2010-11-22,2016-08-02,57,45
TMP,63,51,2010-10-27,2020-05-01,59,47
ENZL,63,57,2010-10-05,2019-05-21,55,49
MEP,63,37,2013-11-07,2017-02-15,63,37
BGSF,63,48,2015-03-02,2020-05-14,53,42
AE,63,57,2010-06-08,2020-05-18,56,50
AINC,63,53,2014-11-17,2020-06-05,59,49
LIT,63,59,2010-08-12,2020-04-29,36,35
BNCN,63,54,2010-07-06,2018-02-05,59,50
EXAM,63,46,2011-05-10,2016-07-26,63,46
FHCO,62,54,2010-10-08,2017-07-26,58,50
PIH,62,53,2014-03-25,2020-04-13,60,51
TOWN,62,59,2010-11-29,2020-04-27,55,52
ULTR,62,56,2010-12-20,2017-02-07,59,53
SGU,62,59,2010-12-09,2020-05-04,54,51
BOCH,62,57,2010-03-24,2020-04-17,55,50
LOCK,62,33,2012-09-10,2017-02-01,62,33
ALDW,62,45,2012-11-09,2017-11-08,62,45
MHH,62,54,2011-04-27,2020-04-29,57,49
VII,62,49,2009-08-10,2018-07-12,58,45
GRO,62,52,2009-11-24,2016-10-18,54,45
FSI,62,53,2011-01-13,2020-06-04,53,46
BCH,62,56,2010-02-08,2020-03-12,43,39
FSIC,62,52,2014-04-16,2018-12-17,62,52
DSKY,62,31,2014-08-04,2016-05-16,62,31
OKSB,61,50,2010-01-29,2017-10-18,58,47
LBTYK,61,58,2010-01-25,2020-06-09,50,47
LNCO,61,49,2012-06-25,2016-03-16,61,49
SEB,61,60,2009-08-10,2020-04-15,48,47
HNH,61,42,2012-01-19,2017-09-13,61,42
CNV,61,27,2014-10-07,2016-12-28,61,27
EQC,61,52,2015-02-18,2020-05-04,54,45
AEPI,61,45,2009-10-09,2017-06-14,57,41
TAXI,61,54,2010-08-31,2016-05-10,58,51
ABAC,61,50,2014-08-21,2019-01-15,61,50
ESP,61,60,2009-08-07,2020-05-14,49,48
OILT,61,38,2011-07-19,2015-01-16,61,38
ASA,61,59,2009-08-10,2020-05-20,32,32
BBDO,61,57,2013-12-11,2020-05-14,50,48
MVNR,61,29,2013-11-06,2015-04-29,61,29
LPT,61,51,2014-04-22,2019-11-04,61,51
ACFN,61,52,2009-11-09,2015-11-16,49,41
AMOT,61,59,2010-10-28,2020-04-30,50,49
EMCB,60,55,2012-03-16,2016-07-22,60,55
FSAM,60,41,2014-10-29,2020-01-31,60,41
CASS,60,55,2010-07-20,2020-04-23,48,44
BAMM,60,43,2010-08-19,2020-05-19,57,40
SBGL,60,55,2013-05-21,2020-02-19,60,55
WMLP,60,32,2015-02-02,2018-10-09,60,32
IHI,60,58,2009-11-04,2019-12-06,46,44
PDEX,60,48,2010-09-28,2020-05-29,55,43
SNOW,60,37,2014-01-30,2017-06-24,60,37
SGNL,60,38,2014-06-09,2017-02-13,60,38
RUSS,60,60,2011-08-12,2019-09-26,60,60
URZ,60,51,2009-08-14,2015-06-29,34,29
SMFG,60,58,2010-11-02,2020-06-11,38,36
HDNG,60,44,2010-02-04,2018-05-22,56,40
IMPR,60,29,2014-06-20,2016-08-15,60,29
IHC,60,53,2010-03-15,2020-05-07,55,48
HURC,60,49,2010-09-03,2020-06-08,52,42
GSBC,60,55,2009-09-07,2020-05-13,49,45
HDV,60,55,2011-09-08,2020-04-22,59,54
GRAM,59,53,2013-07-24,2020-02-05,59,53
INDL,59,51,2011-03-30,2019-08-19,59,51
CLFD,59,45,2009-09-15,2020-04-23,52,40
HWKN,59,56,2011-02-10,2020-05-20,56,53
WMAR,59,41,2009-11-29,2017-09-12,53,36
SIF,59,47,2009-08-14,2020-05-15,47,40
EVK,59,49,2009-06-02,2020-05-05,48,39
BBCN,59,43,2011-12-08,2016-07-25,59,43
NORD,59,33,2014-03-25,2017-07-25,59,33
PLNR,59,36,2010-02-03,2015-10-23,57,34
HCAP,59,51,2013-05-03,2020-05-13,50,44
GBNK,59,54,2009-11-20,2018-12-19,58,53
OFLX,59,56,2010-10-20,2020-04-16,55,52
EPOL,59,52,2010-09-28,2019-08-27,51,44
GLL,59,57,2009-11-24,2016-03-15,25,23
ITA,59,59,2009-11-09,2020-05-03,49,49
PVCT,59,48,2012-01-18,2020-03-24,58,47
IYZ,59,54,2010-01-11,2018-04-24,56,51
TREC,58,52,2014-07-31,2020-05-14,48,43
TRCB,58,52,2014-12-22,2019-12-20,58,52
GAZ,58,48,2009-12-16,2017-12-22,29,23
PRK,58,52,2010-01-18,2020-04-27,49,43
STNR,58,48,2010-01-05,2015-11-23,54,44
ARL,58,48,2010-11-15,2020-06-08,52,42
NATL,58,47,2010-04-13,2016-11-01,56,45
DBO,58,58,2009-08-17,2020-04-28,11,11
RUSL,58,51,2011-08-08,2020-03-27,57,50
FULL,58,50,2011-05-17,2016-10-31,58,50
WEYS,58,55,2010-10-27,2020-04-17,51,48
ABCD,58,48,2011-05-24,2018-11-01,58,48
CHNR,58,46,2010-12-30,2020-04-29,52,41
NRIM,58,57,2011-08-19,2020-04-27,52,51
MSB,58,50,2010-03-04,2020-04-17,34,30
RMGN,58,43,2014-05-08,2018-10-04,58,43
SLI,58,36,2010-09-02,2016-05-26,55,33
TYG,57,52,2010-04-14,2020-05-01,43,39
DGSE,57,53,2010-11-15,2019-06-04,55,51
RGDX,57,45,2010-05-11,2015-08-10,55,43
CCCR,57,37,2013-08-11,2018-07-06,57,37
BEP,57,52,2010-07-07,2020-05-15,50,45
CCF,57,51,2011-01-06,2020-04-09,55,49
ATAX,57,55,2010-09-02,2020-05-26,50,48
TRLA,57,39,2012-08-17,2015-01-27,57,39
HBCP,57,45,2011-01-25,2020-05-12,49,38
CNXR,57,34,2014-12-12,2018-05-15,57,34
ACTS,57,39,2010-08-05,2016-09-12,54,36
BANX,57,48,2013-11-07,2020-05-07,52,43
WSTG,57,56,2012-08-20,2020-06-08,49,49
CVCY,57,51,2011-04-20,2020-05-14,49,43
RRST,57,42,2010-08-27,2015-01-09,54,39
ERA,57,52,2014-04-03,2020-06-01,47,42
SGM,57,46,2013-10-02,2017-05-04,57,46
ASEA,57,55,2011-02-20,2013-06-14,54,52
BKMU,56,47,2010-04-16,2018-01-29,53,44
GSOL,56,45,2009-08-31,2017-05-25,50,39
DHIL,56,54,2010-04-20,2020-04-27,48,46
EHIC,56,40,2014-11-03,2019-02-20,56,40
CAW,56,46,2009-08-12,2019-02-07,46,36
GKNT,56,32,2010-08-25,2015-07-17,54,30
INP,56,51,2009-10-18,2016-08-09,26,24
NAP,56,46,2014-10-31,2018-11-06,56,46
ADGE,56,48,2010-12-09,2017-04-13,54,46
MKTO,56,37,2013-04-02,2016-06-15,56,37
IRT,56,50,2013-07-29,2020-05-18,50,44
KYO,56,53,2009-07-27,2020-02-25,50,47
CQH,56,46,2013-09-23,2018-08-14,56,46
IFN,56,54,2009-10-27,2020-03-23,46,44
PFF,56,55,2009-11-06,2017-09-14,41,40
SRCE,56,51,2010-12-23,2020-04-23,48,43
SH,56,53,2009-08-25,2020-03-12,21,20
CHT,56,50,2009-08-10,2020-06-05,44,39
SHY,56,54,2009-09-08,2019-10-04,35,33
GLPW,56,43,2011-02-25,2017-01-17,55,42
VALU,56,54,2010-04-07,2020-04-17,48,48
FSBW,56,53,2014-05-09,2020-04-24,52,49
RWC,55,49,2009-12-08,2017-08-31,49,44
KBAL,55,49,2015-03-16,2020-05-05,47,43
AVHI,55,42,2012-03-26,2018-08-01,55,42
ORRF,55,53,2010-09-27,2020-04-21,49,47
PRXI,55,41,2010-01-10,2015-10-14,48,35
DKL,55,48,2012-11-01,2020-05-18,48,42
KIE,55,53,2009-11-03,2019-06-24,33,32
FMNB,55,52,2012-10-24,2020-05-14,49,47
ICA,55,53,2009-08-07,2016-06-28,48,46
CUBI,55,46,2013-06-26,2020-05-04,53,44
GNBC,55,43,2014-08-04,2018-11-06,55,43
MIL,55,44,2009-08-10,2015-12-31,25,23
IBTX,55,50,2013-04-02,2020-05-26,52,47
CCNE,55,54,2010-06-15,2020-05-14,40,39
JTPY,55,37,2014-04-07,2018-11-09,55,37
DEL,55,47,2010-01-04,2018-02-15,48,41
AXR,55,54,2010-07-06,2020-03-23,42,41
VOO,55,53,2010-12-31,2020-05-14,51,49
STRS,55,46,2009-10-28,2020-03-16,51,42
PNRG,55,46,2010-11-15,2020-05-15,50,41
CART,55,47,2010-07-26,2019-12-18,50,42
IFT,55,44,2011-02-23,2015-08-04,53,43
UG,54,52,2009-12-29,2020-02-28,51,49
CORR,54,51,2012-12-13,2020-06-08,45,45
IYE,54,54,2010-05-31,2019-08-12,51,51
HTBI,54,53,2012-12-02,2020-03-19,50,49
PBS,54,53,2009-08-10,2019-12-01,48,47
UBP,54,47,2009-08-27,2020-06-08,47,40
TAYD,54,40,2010-10-13,2020-03-25,50,36
TRC,54,53,2009-08-18,2020-03-23,41,40
NFBK,54,50,2010-09-27,2020-05-14,49,45
FCCO,54,47,2010-01-06,2020-06-09,44,39
UDF,54,19,2014-09-03,2016-09-14,54,19
ARCB,54,54,2014-09-15,2020-06-04,47,47
CALI,54,39,2009-08-17,2018-07-30,50,35
MBTF,54,41,2010-04-23,2019-07-25,53,40
KWEB,54,54,2013-09-16,2020-01-30,54,54
INVT,54,37,2014-06-09,2017-06-07,54,37
MCHI,54,52,2011-04-04,2020-01-30,54,52
LOOK,54,45,2009-08-07,2015-10-27,47,38
TRT,54,41,2010-09-30,2020-05-21,49,36
SKBI,54,44,2009-06-06,2015-10-27,29,23
MVG,54,49,2009-08-14,2016-06-22,39,35
PNQI,54,52,2010-01-22,2020-04-21,48,46
STS,54,39,2009-08-18,2017-08-10,48,33
ACTA,54,29,2014-09-15,2018-02-02,54,29
QUMU,54,39,2013-12-04,2020-05-05,52,37
PSTR,54,47,2010-09-21,2015-11-11,49,42
ZOES,54,33,2014-03-10,2018-08-21,54,33
FLTX,54,37,2012-10-08,2016-08-09,54,37
MLVF,53,44,2011-06-27,2020-05-06,51,42
DIG,53,53,2009-10-24,2017-11-16,15,15
COPX,53,51,2010-05-03,2019-03-28,29,29
HBMD,53,50,2011-11-30,2020-05-01,49,46
CHFN,53,46,2012-11-13,2018-07-26,53,46
LCNB,53,47,2011-07-28,2020-03-23,49,43
TGC,53,45,2009-08-07,2020-05-14,47,39
OMAM,53,44,2014-09-23,2018-03-06,53,44
ORM,53,45,2014-08-14,2019-03-21,53,45
TEU,53,40,2011-04-29,2015-10-06,53,40
ACY,53,44,2010-05-13,2020-06-09,39,34
NBBC,53,31,2010-11-12,2016-01-28,52,30
CFFI,53,52,2010-10-13,2020-04-23,44,43
HH,53,41,2009-11-06,2017-03-08,49,37
HFBC,53,46,2010-04-07,2019-05-01,48,41
FAX,53,47,2009-08-10,2019-04-18,40,39
FBMS,53,43,2010-09-22,2020-05-07,48,38
WLFC,53,51,2010-05-17,2020-05-14,42,41
SPAN,52,37,2010-11-01,2017-05-04,50,35
TSLX,52,48,2014-03-24,2020-05-14,43,40
CMCSK,52,49,2009-08-14,2017-02-24,37,34
ZAZA,52,43,2012-03-30,2015-09-21,52,43
PBM,52,46,2009-08-29,2014-03-19,17,15
IYF,52,50,2009-11-30,2020-03-30,37,35
BRG,52,42,2010-12-23,2020-05-11,46,36
PENX,52,31,2010-09-09,2015-01-09,48,27
LIQD,52,37,2013-07-26,2016-01-28,52,37
VYM,52,52,2010-11-03,2019-10-28,49,49
ELLO,52,45,2011-08-18,2020-05-28,50,43
BCBP,52,46,2010-11-05,2020-05-14,46,40
IKAN,52,38,2010-02-12,2015-09-29,47,33
RMP,52,43,2014-12-17,2018-07-20,52,43
CPHI,52,42,2010-11-11,2020-05-15,34,32
ANAT,52,49,2009-11-24,2020-05-05,42,39
PPA,52,51,2009-11-09,2020-01-07,30,30
NTP,52,43,2014-11-03,2020-05-28,47,38
INDY,52,52,2010-07-09,2018-03-22,47,47
FBNK,52,46,2011-12-12,2020-03-24,51,45
IXC,52,49,2009-10-30,2020-03-24,45,42
GOMO,52,33,2013-11-22,2015-07-08,52,33
CHLN,52,36,2010-10-18,2015-12-24,49,33
MSN,52,44,2009-08-13,2019-09-11,45,39
TGEN,51,46,2009-08-12,2020-05-19,45,40
KED,51,42,2010-03-31,2018-06-05,47,38
STRZA,51,49,2013-01-17,2016-10-28,51,49
KT,51,45,2010-11-26,2020-06-11,44,38
CHIQ,51,49,2010-07-26,2019-11-06,37,35
PERF,51,41,2009-11-09,2017-09-05,45,35
CHMG,51,47,2013-02-21,2020-05-04,40,37
CIMT,51,35,2010-02-23,2014-11-24,45,31
PFBI,51,48,2010-09-01,2020-05-27,44,41
SJT,51,46,2010-01-06,2020-05-22,41,37
CENTA,51,46,2011-06-09,2020-05-28,48,43
RIGP,51,28,2014-07-22,2016-12-06,51,28
PSTB,51,41,2010-08-31,2017-11-16,46,37
ENFC,51,37,2014-10-01,2019-12-27,51,37
RSP,51,49,2010-05-25,2020-04-27,43,42
DLHC,51,46,2012-12-14,2020-06-08,47,42
SMB,51,44,2009-08-07,2020-02-29,11,10
NVDQ,51,40,2012-03-01,2017-09-11,51,40
ERUS,51,46,2010-11-10,2019-08-05,45,42
PKBK,51,46,2009-12-02,2020-03-19,43,38
VDE,51,48,2010-05-14,2020-02-12,47,44
SPOK,51,44,2015-04-29,2020-03-25,43,36
CNDA,51,47,2010-04-14,2017-04-17,40,38
VGT,50,48,2009-11-12,2020-02-12,42,40
AIXG,50,27,2015-07-31,2016-12-30,50,27
MFNC,50,48,2010-07-20,2020-04-30,46,44
DNOW,50,49,2014-06-26,2020-06-05,43,42
KFX,50,27,2014-01-16,2017-12-12,50,27
LTRX,50,31,2019-01-24,2020-06-10,41,24
VLCCF,50,40,2009-08-14,2015-02-19,35,25
CHSCP,50,48,2010-11-22,2020-01-08,46,44
SDRL,50,28,2020-03-11,2020-06-11,0,0
ANY,50,35,2018-12-04,2020-06-08,43,30
STRT,50,47,2010-12-30,2020-06-03,44,41
CLS,50,27,2018-10-11,2020-04-30,38,20
VTTI,50,30,2014-07-28,2017-09-13,50,30
MOFG,50,49,2010-05-10,2020-05-14,42,41
AAME,50,49,2010-04-28,2020-05-11,45,44
ZPIN,50,37,2014-06-09,2017-09-25,50,37
YOD,50,40,2012-11-15,2016-11-14,50,40
REMX,50,46,2011-04-24,2019-05-31,50,46
TIPT,50,45,2014-04-03,2020-05-07,47,42
NBN,50,48,2010-02-03,2020-04-22,42,40
ECON,50,45,2010-12-20,2017-08-08,42,39
DRV,50,44,2011-05-26,2018-06-29,50,44
EOPN,50,29,2012-07-20,2015-01-09,50,29
NDRO,50,35,2011-08-03,2018-09-04,50,35
TAIT,50,41,2011-01-11,2019-12-11,49,40
ADAT,50,45,2009-12-08,2016-03-04,44,40
KMF,50,48,2011-01-19,2020-03-23,44,42
RVSB,50,46,2010-10-05,2020-05-08,44,40
IDI,50,43,2010-07-23,2016-08-19,44,37
HMPR,50,47,2010-04-27,2016-06-30,41,38
CERN,50,25,2020-01-31,2020-05-28,16,5
AMKR,50,27,2019-10-29,2020-06-05,25,13
PBIP,50,44,2010-01-22,2020-04-17,45,39
GZT,50,46,2011-12-14,2019-03-01,50,46
UN,50,39,2019-08-30,2020-05-08,26,21
SMMF,50,47,2010-07-29,2020-03-12,42,41
CVLY,50,48,2010-01-12,2020-05-14,42,41
UNP,50,27,2020-03-26,2020-06-11,0,0
CGNX,50,27,2019-12-13,2020-06-08,10,8
MAMS,50,33,2014-09-23,2019-10-17,50,33
CHRS,50,38,2018-08-29,2020-05-07,40,31
AMRS,50,30,2020-01-28,2020-06-05,14,10
CHDN,50,43,2019-01-11,2020-04-29,41,35
MCBC,50,47,2010-07-30,2020-04-23,43,41
LULU,50,27,2020-04-07,2020-06-09,0,0
GRH,50,45,2009-08-17,2018-10-22,47,42
ALDR,50,24,2019-08-05,2019-10-21,50,24
BTUI,50,34,2010-03-03,2014-10-28,36,24
LVS,50,29,2020-04-23,2020-06-11,0,0
EWO,50,47,2009-11-02,2020-04-06,36,34
BXE,50,43,2013-08-01,2019-01-22,50,43
PLPC,49,47,2010-09-22,2020-05-01,41,40
VUG,49,48,2009-12-08,2020-06-02,47,46
FCBC,49,44,2010-12-29,2020-05-11,41,37
AFK,49,46,2009-09-08,2017-05-24,32,31
ISTR,49,47,2014-05-16,2020-04-27,46,44
COW,49,42,2010-08-08,2020-05-05,38,33
MSFG,49,37,2011-03-22,2018-02-22,49,37
PLM,49,37,2010-04-05,2020-03-25,40,28
CYNI,49,25,2013-05-09,2015-06-16,49,25
NBHC,49,44,2012-10-15,2020-04-23,46,41
QLD,49,45,2009-11-05,2017-07-19,31,27
LSG,49,38,2011-06-17,2016-02-10,49,38
GBLI,49,45,2010-07-07,2020-05-14,44,40
NYLD,49,41,2013-07-08,2018-08-29,49,41
TRUP,49,41,2014-08-12,2020-06-08,45,37
SDLP,49,39,2016-07-26,2019-09-04,49,39
JNUG,49,47,2015-08-10,2020-04-19,46,44
NWFL,49,49,2010-12-15,2020-06-10,40,40
SSNI,49,40,2013-04-08,2018-01-03,49,40
FNBC,49,30,2015-04-08,2017-05-04,49,30
UNT,49,40,2019-11-14,2020-05-12,31,27
AVOL,49,33,2014-07-25,2016-07-01,49,33
GFED,49,45,2011-04-20,2020-04-27,44,42
FPI,48,38,2011-06-16,2020-05-20,44,34
IND,48,42,2009-08-10,2020-02-25,12,11
VIAS,48,30,2011-06-30,2015-05-05,48,30
BSAC,48,41,2012-04-12,2020-03-12,45,38
EBMT,48,43,2012-07-03,2020-04-28,46,41
IKNX,48,44,2010-03-15,2020-04-30,45,41
ARIS,48,34,2013-12-16,2017-06-22,48,34
THFF,48,44,2011-01-26,2020-04-29,43,39
FUNC,48,47,2010-08-06,2020-05-15,41,40
BFIN,48,47,2011-04-28,2020-03-19,45,44
HMTV,48,37,2015-04-03,2020-05-11,43,32
ACFC,48,36,2010-04-06,2018-05-10,41,31
OCIP,48,36,2013-09-23,2018-06-19,48,36
LE,48,30,2014-04-08,2020-06-02,41,27
BWFG,48,46,2014-05-13,2020-03-23,45,43
EGT,48,43,2010-09-30,2017-05-08,46,41
IGF,48,42,2010-01-30,2019-02-06,39,33
LQ,48,38,2014-03-27,2018-05-31,48,38
ENI,48,46,2009-08-07,2016-08-08,35,33
SEV,47,39,2011-06-13,2017-09-22,47,39
NWLI,47,42,2009-12-09,2020-05-11,36,32
BYFC,47,44,2010-07-08,2020-05-11,40,38
SYRX,47,42,2014-01-06,2017-02-28,47,42
SHG,47,45,2009-11-10,2020-06-03,36,34
SIVR,47,42,2011-01-06,2020-06-09,39,35
EARN,47,37,2013-05-01,2020-05-12,41,32
UGAZ,47,44,2013-05-21,2019-03-12,47,44
JOB,47,40,2010-09-30,2019-12-24,44,37
BHB,47,45,2010-01-04,2019-07-18,43,41
EVRY,47,34,2013-06-11,2015-04-14,47,34
ASRV,47,44,2010-04-13,2020-04-21,42,39
RVP,46,35,2009-09-01,2020-05-15,29,22
HIFS,46,43,2010-09-23,2020-04-13,39,36
CORI,46,31,2014-04-28,2018-10-15,46,31
INOD,46,38,2010-10-26,2020-05-26,41,33
AVIV,46,32,2013-03-21,2015-04-01,46,32
SBBX,46,41,2011-04-19,2020-04-29,43,38
ASHR,46,43,2014-02-25,2019-09-25,46,43
PLBC,46,42,2009-08-14,2020-04-16,41,37
ITIC,46,44,2010-10-29,2020-02-11,44,42
SAL,46,39,2011-08-25,2020-03-19,45,38
COBZ,46,40,2009-11-20,2018-09-27,44,38
DOVR,46,27,2010-03-31,2015-05-29,42,23
DMLP,46,46,2010-05-04,2020-03-12,40,40
FNLC,46,46,2010-04-11,2020-04-22,40,40
DLN,46,44,2009-11-19,2019-10-24,34,33
DNBF,46,42,2011-05-23,2019-11-07,46,42
WPG,46,42,2014-06-09,2020-06-09,36,32
CACQ,46,31,2013-11-21,2017-03-17,46,31
AMRE,46,31,2012-09-05,2015-01-22,46,31
VIRC,46,42,2010-09-10,2020-04-30,39,35
MIFI,46,35,2014-11-26,2016-11-03,46,35
CEW,46,42,2010-03-08,2017-09-11,30,27
FRBA,46,43,2013-07-12,2020-05-06,39,36
ZBB,46,42,2010-11-16,2015-07-07,42,38
NADL,46,33,2014-05-27,2017-09-13,46,33
OSBC,45,41,2010-09-20,2020-05-14,36,32
QKLS,45,40,2010-07-19,2016-04-14,41,36
FT,45,36,2009-04-27,2020-03-19,14,13
MRCC,45,43,2012-10-31,2020-05-08,41,39
GAM,45,42,2009-08-10,2020-03-12,38,36
BAA,45,38,2009-08-17,2018-03-09,42,35
AMOV,45,41,2009-12-07,2020-05-31,38,34
USL,45,40,2010-03-12,2020-05-15,22,22
PBIB,45,42,2009-11-09,2018-04-18,37,34
LBRDA,45,37,2014-11-24,2020-05-08,44,36
CLRX,44,29,2012-10-04,2015-08-05,44,29
FRD,44,41,2010-11-15,2020-02-18,43,40
GUR,44,44,2009-11-13,2016-07-18,20,20
CPAC,44,42,2012-05-24,2020-03-19,43,41
KFS,44,43,2010-12-17,2020-04-22,39,39
LNBB,44,40,2010-08-31,2018-01-04,40,36
RSXJ,44,41,2011-04-14,2018-11-14,44,41
EMCF,44,43,2011-12-07,2020-05-14,38,38
TLMR,44,26,2014-02-13,2016-08-22,44,26
TRIV,44,25,2014-04-03,2015-11-23,44,25
GLTR,44,34,2010-10-21,2017-06-15,14,13
STCK,44,27,2013-08-09,2016-06-01,44,27
CZWI,44,41,2011-10-03,2020-04-28,37,36
CUO,44,39,2012-08-15,2020-04-07,42,37
GPIC,44,33,2010-08-17,2019-04-19,40,29
BHBK,44,38,2014-11-18,2019-01-23,44,38
NSEC,44,43,2010-10-25,2020-05-14,40,39
DWTI,44,34,2012-06-13,2017-01-24,44,34
EZU,44,42,2014-11-18,2019-11-25,44,42
PBT,44,40,2010-03-04,2020-03-12,33,29
KTEC,44,33,2010-01-26,2018-03-20,43,32
SIFI,44,38,2010-09-09,2019-04-24,38,33
CBNK,44,34,2010-10-25,2020-04-30,40,30
IAI,44,44,2009-11-06,2019-10-03,32,32
CU,44,38,2010-03-29,2015-11-28,29,25
DVCR,43,42,2015-03-05,2020-03-19,42,41
GBIM,43,25,2014-05-21,2016-07-06,43,25
CPHR,43,28,2015-02-26,2016-11-29,43,28
SSFN,43,37,2010-05-21,2019-10-03,40,34
NUTR,43,30,2010-11-23,2017-07-27,42,29
EDS,43,34,2011-02-16,2014-10-21,41,32
CRESY,43,39,2010-03-29,2020-03-23,34,30
AAV,43,38,2009-08-12,2019-08-02,38,33
ESSX,43,41,2010-03-30,2015-12-08,35,33
EBTC,43,42,2011-01-18,2020-05-14,37,36
SLTC,43,35,2010-08-05,2015-10-08,40,32
ECT,43,36,2010-08-11,2020-05-13,37,30
GSH,43,43,2009-08-17,2020-05-29,36,36
TCI,43,36,2009-09-03,2020-03-23,40,33
JCTCF,43,38,2010-11-03,2020-04-14,35,32
BBNK,43,40,2009-08-18,2015-04-20,34,31
IHF,43,41,2009-11-05,2019-12-17,35,34
EWK,42,36,2010-01-16,2016-03-22,34,28
ESYS,42,31,2010-03-23,2014-12-15,37,26
IEMG,42,41,2012-12-05,2019-12-12,42,41
MGCD,42,28,2012-08-30,2017-12-19,42,28
ENSV,42,40,2014-04-17,2020-06-02,37,35
PHB,42,40,2010-05-18,2018-07-26,37,36
TPRE,42,34,2013-07-15,2020-05-07,40,32
NPK,42,42,2009-11-25,2020-03-12,27,27
HFBL,42,41,2011-12-27,2020-04-28,41,40
MGN,42,40,2010-05-11,2016-08-25,31,29
CMFN,42,35,2014-02-05,2019-09-10,42,35
HY,42,40,2013-07-31,2020-05-05,38,37
DGAZ,42,39,2013-09-12,2019-09-09,42,39
VOX,42,41,2010-04-08,2020-02-12,40,39
VCR,42,38,2009-11-09,2018-10-02,37,34
HRTG,42,39,2014-05-13,2020-05-04,38,35
IHE,42,40,2009-11-28,2019-05-06,38,36
GEOS,42,38,2012-10-05,2020-05-07,39,35
CBFV,42,38,2015-06-10,2020-06-08,38,34
BIRT,41,35,2011-01-27,2015-01-16,38,32
INPH,41,36,2010-02-05,2015-10-01,38,33
TSC,41,41,2010-06-03,2020-04-20,32,32
AXN,41,29,2011-01-24,2016-06-30,39,27
ATLC,41,28,2018-07-02,2020-05-08,40,27
SPPR,41,37,2009-08-06,2015-08-31,39,35
NPV,41,39,2009-08-07,2019-11-12,33,33
AMFW,41,26,2014-12-10,2017-07-12,41,26
ESSA,41,41,2010-10-06,2020-03-12,39,39
SBSA,41,37,2010-05-27,2016-11-14,40,36
WF,41,41,2010-05-26,2020-03-23,32,32
BRDR,41,18,2014-03-21,2015-09-17,41,18
NAME,41,25,2014-10-20,2017-07-17,41,25
SCM,41,37,2012-12-03,2020-05-12,39,35
SDT,41,32,2011-05-17,2019-11-12,41,32
UNTY,41,40,2013-07-01,2020-05-05,36,35
BF,41,32,2010-03-29,2019-12-05,33,25
MYCC,41,28,2013-10-15,2017-09-15,41,28
RLYP,41,35,2013-11-15,2016-08-22,41,35
VHT,41,38,2009-12-11,2020-02-12,38,35
WFD,41,31,2011-01-26,2016-09-19,40,30
METR,41,34,2009-09-21,2016-01-26,35,28
TPVG,41,39,2014-03-31,2020-05-13,32,31
MBCN,40,38,2014-12-03,2020-04-27,36,35
FXG,40,40,2011-01-31,2019-02-22,39,39
ADX,40,39,2009-11-13,2020-03-23,29,28
NVEC,40,38,2010-01-05,2020-03-12,35,33
PIE,40,39,2009-12-13,2017-07-20,35,34
TOF,40,34,2010-04-28,2016-09-30,31,25
AAMC,40,36,2014-02-26,2020-05-11,37,33
TGS,40,35,2010-08-09,2020-03-12,36,31
TPI,40,37,2009-08-13,2016-04-29,31,29
CRWN,40,31,2010-07-29,2016-03-09,37,28
CFBK,40,38,2010-05-28,2020-05-06,34,32
UIHC,40,40,2011-03-10,2020-04-03,39,39
WEBK,40,33,2012-10-22,2020-04-23,39,32
SUTR,40,37,2009-09-25,2015-06-26,29,27
UCP,40,29,2013-08-12,2017-08-01,40,29
SSBI,40,36,2011-10-19,2020-04-28,39,35
NEA,39,38,2010-09-01,2020-03-19,35,34
MSBF,39,37,2010-01-04,2020-05-28,34,32
LEMB,39,36,2011-10-19,2019-04-24,39,36
CMCT,39,35,2016-05-16,2020-05-18,33,29
DSKX,39,28,2012-12-24,2016-11-17,39,28
XRA,39,31,2009-09-16,2017-07-31,34,26
MEN,39,38,2009-08-10,2020-03-19,19,19
DIT,39,38,2009-05-30,2020-04-20,30,29
GXF,39,36,2010-07-21,2016-01-11,32,29
BKJ,39,32,2011-09-15,2019-11-08,39,32
PKW,39,38,2011-08-09,2019-03-04,39,38
HNNA,39,39,2014-05-27,2020-05-14,37,37
CHEV,39,33,2010-08-23,2016-04-29,35,30
ASMI,39,31,2009-11-18,2017-03-03,23,18
HEOP,39,34,2010-09-24,2017-03-21,38,33
IPO,39,37,2014-04-21,2020-06-04,37,35
EPRS,39,28,2014-08-05,2016-07-25,39,28
OVBC,39,38,2010-12-20,2020-04-27,34,33
MTK,39,38,2009-11-02,2017-07-26,17,17
OFS,39,38,2010-10-22,2020-05-08,36,35
DAEG,39,29,2011-07-06,2015-11-23,39,29
CRTN,39,25,2015-05-12,2017-11-13,39,25
EPAX,39,30,2010-10-27,2015-10-20,37,28
LTRPB,39,24,2016-01-06,2020-06-10,10,9
ATE,39,29,2009-08-13,2015-11-25,21,17
CAK,39,38,2010-07-07,2015-04-17,33,32
BGI,38,25,2010-01-27,2019-12-19,36,23
UTMD,38,38,2011-03-18,2020-04-23,37,37
UNB,38,36,2010-04-16,2020-04-15,33,31
FSGI,38,27,2010-07-30,2015-06-10,35,24
MFRI,38,32,2010-09-09,2017-02-22,36,30
WPT,38,30,2013-08-01,2017-06-30,38,30
JGW,38,26,2013-11-08,2016-05-25,38,26
HWBK,38,37,2010-09-24,2020-04-30,33,32
YDLE,38,16,2014-09-22,2015-11-09,38,16
GHC,38,33,2014-01-23,2020-05-15,35,30
FCAP,38,38,2011-05-23,2020-04-27,36,36
RBY,38,31,2009-10-19,2016-01-11,33,26
AMZG,38,28,2013-11-18,2015-05-11,38,28
CHI,38,38,2018-07-20,2020-03-19,35,35
EPP,38,36,2009-11-12,2017-07-06,32,30
FISH,38,25,2013-07-23,2015-05-13,38,25
PEJ,38,38,2010-03-18,2020-05-05,32,32
AGA,38,38,2009-10-26,2017-01-09,25,25
EEQ,38,28,2011-06-27,2018-11-06,38,28
FPL,38,37,2009-08-13,2020-03-12,14,14
TAO,38,37,2009-08-18,2019-07-02,18,18
EOC,38,34,2010-09-10,2015-12-17,33,29
CNBKA,38,32,2010-08-02,2020-03-12,32,26
EELV,37,37,2012-02-23,2019-06-04,37,37
SKYS,37,31,2014-11-25,2020-05-26,36,30
IRL,37,36,2010-03-25,2020-03-19,33,32
WHLM,37,37,2010-12-14,2020-05-14,33,33
OXBR,37,31,2015-02-23,2020-05-13,35,29
TSRE,37,26,2013-04-22,2015-09-17,37,26
PRLS,37,24,2010-09-14,2015-02-12,33,20
OUTR,37,25,2013-07-02,2016-07-25,37,25
INBK,37,36,2013-11-22,2020-04-24,34,34
PEO,37,35,2009-08-10,2020-03-12,18,17
MES,37,34,2009-11-17,2016-01-14,17,17
PEK,37,37,2010-10-19,2015-12-01,31,31
HBOS,37,28,2009-10-21,2015-06-16,29,20
UBFO,37,34,2010-03-25,2020-04-15,30,27
MBVT,37,28,2010-04-16,2017-04-20,35,26
VB,37,37,2009-12-01,2018-01-08,31,31
GARS,37,35,2013-04-22,2019-10-31,37,35
PDP,37,36,2009-08-12,2016-08-01,16,16
FES,37,26,2011-11-17,2016-08-15,37,26
TLR,37,33,2009-10-13,2016-01-26,31,28
AMIC,37,31,2010-03-15,2016-08-31,35,29
EWN,37,35,2010-04-04,2019-11-06,29,27
VFH,37,36,2009-10-22,2018-03-06,30,29
APWC,37,36,2012-03-21,2020-03-13,36,35
LVNTA,37,31,2012-12-11,2018-02-06,37,31
CERU,36,23,2014-05-06,2017-07-19,36,23
JPEP,36,23,2014-09-22,2016-11-07,36,23
DBEF,36,35,2011-06-09,2016-03-04,36,35
OSHC,36,30,2010-10-20,2016-10-25,33,27
DHRM,36,29,2011-07-19,2016-07-07,36,29
SMTP,36,31,2014-08-14,2015-11-04,36,31
SUBK,36,30,2010-04-13,2015-12-04,34,28
NIB,36,31,2010-08-18,2018-07-02,22,20
SAMG,36,33,2013-06-27,2020-05-04,32,30
ESBK,36,35,2010-08-20,2020-03-23,31,30
MHFI,36,32,2013-06-03,2016-04-27,36,32
RALY,36,17,2013-04-02,2015-05-29,36,17
TAOM,36,29,2011-05-18,2015-03-24,36,29
USLM,36,35,2012-03-27,2020-04-29,33,32
UGL,36,36,2009-10-27,2017-08-08,14,14
AVAL,36,32,2014-09-23,2020-03-23,31,27
FSRV,36,33,2010-12-09,2015-06-17,35,32
FBSS,36,35,2010-07-28,2020-03-23,30,29
FAC,36,34,2010-01-13,2018-03-27,33,31
DSWL,36,32,2010-09-09,2020-01-15,34,30
VIAB,36,26,2010-02-12,2014-06-29,22,14
MDW,36,32,2010-07-23,2015-05-13,34,30
SENEA,35,34,2010-10-28,2020-02-06,33,32
MFI,35,31,2010-01-06,2014-12-15,30,26
NRT,35,34,2010-03-04,2020-05-15,28,27
IMRS,35,27,2010-11-24,2015-06-02,31,23
MPA,35,33,2009-08-17,2020-03-12,30,29
PZE,35,31,2010-01-11,2017-08-09,24,21
MOCO,35,27,2011-02-18,2017-05-10,34,26
CIZN,35,35,2010-10-22,2020-06-08,30,30
BOTA,35,26,2014-04-29,2016-04-12,35,26
PNBK,35,34,2010-12-06,2020-03-06,33,32
TCFC,35,35,2011-08-31,2020-05-05,33,33
BRXX,35,34,2010-03-05,2015-07-27,23,22
TGD,35,31,2012-11-08,2017-04-18,35,31
DGRW,35,35,2013-05-22,2018-09-27,35,35
KF,35,34,2010-09-01,2020-03-23,31,30
AMCF,35,28,2010-01-15,2019-12-23,28,21
CSBK,35,31,2010-11-02,2018-03-02,33,29
KE,35,32,2015-02-12,2020-05-05,31,28
ETAK,34,32,2010-11-26,2016-04-14,32,30
XTN,34,34,2011-07-07,2019-04-05,34,34
PEBK,34,33,2010-11-04,2020-05-14,29,28
CYCCP,34,33,2010-10-05,2019-07-22,31,30
INXX,34,33,2010-09-03,2016-05-24,26,25
BDBD,34,27,2013-02-26,2015-11-30,34,27
HYEM,34,32,2012-05-09,2019-12-03,34,32
NAD,34,34,2011-06-06,2020-03-19,31,31
IHT,34,25,2010-07-08,2019-09-16,29,20
VIDE,34,27,2010-07-15,2020-02-18,31,24
SARA,34,30,2011-07-18,2015-06-19,34,30
ENZY,34,27,2012-09-04,2018-01-11,34,27
TRX,34,27,2011-06-28,2020-04-24,31,24
ISH,34,29,2010-07-16,2015-12-16,31,26
PED,34,24,2009-11-13,2020-03-31,31,21
CST,34,31,2010-12-23,2017-06-26,33,30
PBW,34,34,2009-11-29,2017-10-09,25,25
DFE,34,34,2010-03-29,2019-11-10,32,32
AAU,34,31,2009-12-04,2018-10-11,27,24
PGF,34,32,2009-08-06,2015-12-29,21,20
DTN,34,33,2009-08-17,2016-03-02,25,24
SPDC,33,23,2013-12-24,2020-02-21,33,23
ICEL,33,18,2013-07-25,2015-04-14,33,18
IX,33,31,2009-08-10,2020-03-19,26,25
SDR,33,28,2012-04-05,2019-11-11,33,28
UBIC,33,27,2013-05-16,2016-05-25,33,27
TINY,33,26,2010-08-21,2017-03-15,31,24
XSD,33,32,2010-01-06,2019-12-28,22,21
MTUM,33,33,2013-05-02,2019-08-26,33,33
CSQ,33,33,2011-03-25,2020-03-12,31,31
IPW,33,33,2010-03-17,2013-03-05,27,27
URR,33,30,2011-01-24,2016-07-19,32,29
KZ,33,22,2015-03-11,2019-06-19,33,22
GLBZ,33,31,2010-09-10,2020-03-23,28,26
XNY,32,25,2011-01-03,2018-03-02,30,24
NES,32,30,2013-07-31,2019-11-05,32,30
BRZU,32,29,2013-05-01,2020-05-22,30,27
ONVI,32,25,2010-07-27,2017-10-06,30,23
TORM,32,30,2010-05-05,2018-02-02,27,25
PHO,32,32,2009-11-12,2019-07-03,18,18
ROIAK,32,30,2010-10-01,2017-05-04,29,27
NKSH,32,31,2011-05-11,2020-04-27,29,28
PTBI,32,16,2015-03-05,2015-06-19,32,16
CHY,32,32,2010-06-29,2020-03-12,26,26
PGJ,32,30,2009-11-20,2016-07-20,24,22
UBCP,32,32,2010-08-18,2020-02-20,28,28
BDR,32,27,2010-08-03,2020-04-09,28,23
EVBS,32,29,2010-02-10,2017-02-06,29,26
LBTYB,32,29,2010-01-25,2020-05-07,25,24
LBRDK,32,28,2017-02-14,2020-05-04,28,24
FRS,32,28,2010-09-08,2015-08-14,29,25
ARDC,32,32,2018-07-20,2020-03-19,29,29
FUND,32,28,2009-08-07,2020-03-12,22,21
UNAM,32,31,2009-12-08,2020-05-01,27,26
CUNB,32,28,2010-11-24,2017-07-18,31,27
OCRX,32,24,2013-09-03,2017-12-11,32,24
CPGI,32,27,2010-12-10,2015-09-15,29,24
BKSC,32,31,2010-09-23,2020-03-19,27,26
GAI,31,20,2010-10-19,2015-12-07,28,17
DTD,31,31,2010-03-29,2016-04-11,29,29
LACO,31,24,2009-11-05,2015-07-30,27,20
GCBC,31,31,2011-01-20,2020-04-24,26,26
KROO,31,29,2010-04-03,2013-07-24,17,16
INCO,31,29,2011-08-17,2017-08-08,31,29
GBB,31,26,2011-05-17,2017-06-15,31,26
IJH,31,31,2010-01-11,2020-01-02,27,27
ENL,31,26,2010-01-19,2015-07-01,28,23
MOLG,31,20,2014-09-23,2016-04-13,31,20
KNM,31,30,2009-11-03,2014-09-26,21,20
SXCP,31,28,2013-02-12,2019-02-14,31,28
HRT,31,28,2009-08-10,2017-03-22,29,26
FSBK,31,28,2010-09-23,2017-10-31,29,26
ERO,31,28,2010-02-24,2016-07-19,29,26
FFKT,31,23,2011-01-20,2018-08-06,30,22
AUBN,31,31,2012-01-19,2020-05-08,29,29
SLCT,31,28,2014-12-29,2020-05-14,28,25
HGT,31,22,2010-06-09,2018-08-21,25,17
VA,31,26,2011-09-22,2016-12-07,31,26
BAB,31,29,2010-08-02,2020-04-14,26,24
NRK,31,29,2013-02-19,2020-03-12,30,28
TUBE,31,28,2014-03-26,2016-11-11,31,28
IMS,30,21,2009-08-10,2016-05-12,25,16
SAN,30,26,2020-04-02,2020-06-11,0,0
ANSS,30,23,2020-01-09,2020-05-08,13,13
GEX,30,28,2010-01-26,2018-03-27,28,26
SFBC,30,27,2013-04-30,2020-04-27,27,24
CLTX,30,16,2014-01-30,2015-09-21,30,16
KYE,30,28,2010-03-29,2018-07-31,29,27
MZOR,30,28,2013-10-29,2018-11-19,30,28
UNF,30,15,2019-06-26,2020-04-02,19,12
BAGR,30,26,2013-05-07,2015-11-05,30,26
DEX,30,30,2015-08-20,2020-03-19,29,29
SEAS,30,16,2020-04-22,2020-06-11,0,0
DGAS,30,25,2009-09-25,2017-06-13,27,22
SDPI,30,25,2018-10-11,2020-05-08,26,22
AEC,30,23,2014-02-04,2015-06-08,30,23
PCN,30,28,2010-05-10,2020-03-19,24,22
PDT,30,23,2009-06-09,2020-03-19,9,9
CARO,30,18,2019-10-10,2020-03-23,26,14
VEA,30,30,2009-11-06,2020-01-05,27,27
ORAN,30,30,2013-07-25,2020-03-25,29,29
EWV,30,28,2011-03-22,2013-04-10,30,28
NTG,30,27,2010-09-27,2020-06-08,15,14
NGE,30,30,2013-04-04,2019-08-23,30,30
AMSC,30,22,2019-08-06,2020-06-03,24,17
AND,30,30,2011-03-15,2016-09-09,30,30
CRT,30,29,2009-11-12,2020-03-19,24,23
CHRW,30,18,2020-03-12,2020-06-05,0,0
IDU,30,29,2009-10-26,2016-08-18,25,24
ANGO,30,20,2020-02-06,2020-04-08,7,7
NKX,30,30,2014-01-14,2020-03-19,28,28
SA,30,28,2019-10-11,2020-05-28,15,15
CARB,30,15,2019-08-16,2019-12-19,30,15
SAIC,30,19,2020-03-09,2020-06-04,0,0
ICF,30,30,2009-08-12,2017-01-30,18,18
DON,30,30,2009-08-07,2019-07-01,27,27
RCPI,29,20,2014-09-12,2016-02-03,29,20
BDL,29,28,2010-12-29,2020-02-11,27,26
NXJ,29,29,2014-11-05,2020-03-19,27,27
IROQ,29,29,2012-09-12,2020-04-29,28,28
MCOX,29,21,2010-11-30,2016-04-12,25,18
SMBC,29,27,2014-02-25,2020-05-14,24,23
ISRL,29,26,2010-07-01,2019-10-10,28,25
MRVC,29,26,2011-08-10,2017-08-02,29,26
IFMI,29,25,2011-06-20,2017-08-03,29,25
WVVI,29,29,2011-08-16,2020-03-04,26,26
RPT,29,25,2019-07-31,2020-06-11,10,9
FPX,29,29,2010-03-25,2019-06-25,25,25
OIBR,29,22,2012-08-16,2020-04-24,28,21
LSBK,29,28,2011-03-03,2020-04-24,27,26
TSBK,29,27,2010-07-30,2020-05-26,25,23
QCLN,29,29,2010-01-26,2019-10-22,26,26
MNA,29,28,2010-03-23,2019-04-20,18,18
NAZ,29,26,2011-12-12,2020-03-19,27,24
KNOW,29,29,2012-01-10,2018-08-09,29,29
HILO,28,26,2011-08-04,2017-08-08,28,26
DXM,28,21,2013-05-08,2016-01-05,28,21
KFFB,28,26,2010-11-02,2020-05-04,26,24
BSMX,28,27,2012-11-05,2020-04-29,25,24
PBHC,28,27,2010-09-28,2020-03-23,25,24
IWD,28,27,2009-12-11,2020-01-22,23,22
SGB,28,26,2012-01-03,2019-10-22,28,26
SFN,28,19,2010-06-28,2011-08-22,18,10
OPOF,28,28,2010-12-28,2020-04-30,24,24
REM,28,26,2010-03-25,2019-12-10,27,25
HFFC,28,18,2009-11-20,2016-05-17,25,16
CZFC,28,26,2010-10-21,2019-04-18,26,24
AQQ,28,27,2010-11-23,2015-02-19,27,26
FRA,28,28,2009-08-10,2020-03-19,24,24
CUT,28,27,2009-08-10,2017-09-11,17,17
DSM,28,26,2009-08-17,2020-03-19,9,9
PJP,28,27,2009-12-10,2018-05-11,26,25
ATRM,28,20,2010-02-18,2018-09-10,24,16
DGICB,27,21,2011-04-21,2019-02-08,27,21
SIM,27,27,2009-08-17,2019-04-30,19,19
ANGL,27,27,2012-04-30,2019-10-29,27,27
SCC,27,27,2010-08-31,2013-08-28,21,21
EMD,27,27,2009-08-07,2020-03-19,19,19
WNRL,27,22,2013-10-02,2017-10-30,27,22
DDF,27,27,2014-06-19,2020-02-28,26,26
SPHB,27,26,2011-05-12,2019-04-25,27,26
AWF,27,27,2010-01-30,2020-03-19,22,22
GRX,27,27,2009-12-28,2020-03-12,25,25
AOD,27,27,2011-07-13,2020-03-19,23,23
SGBK,27,23,2014-05-27,2017-09-25,27,23
TECL,27,27,2015-08-28,2020-05-27,26,26
YANG,27,27,2012-05-04,2020-05-21,25,25
XPH,27,26,2009-12-10,2019-09-25,21,21
SENEB,27,25,2013-06-05,2020-02-06,27,25
MNRK,27,23,2009-09-30,2016-05-17,25,21
MMAC,27,22,2015-05-26,2020-03-19,24,19
BRID,27,23,2010-05-19,2020-02-28,22,18
PHK,27,26,2009-09-08,2020-03-19,14,13
LMLP,27,17,2011-02-10,2013-01-11,26,16
PPR,27,27,2009-08-12,2020-03-19,18,18
CBF,27,20,2012-10-15,2017-10-19,27,20
CHN,27,26,2010-09-13,2020-03-12,23,22
IYK,27,25,2010-10-01,2016-04-21,21,20
BOXC,27,18,2012-09-11,2017-06-28,27,18
PMO,27,27,2009-08-10,2020-03-19,12,12
CEM,26,24,2010-11-12,2020-03-12,19,17
AFT,26,24,2012-08-06,2020-03-19,23,21
IYM,26,25,2009-11-09,2017-02-02,17,17
CVSL,26,22,2013-04-12,2016-01-28,26,22
RTGN,26,20,2013-08-08,2015-06-16,26,20
RVT,26,25,2010-03-19,2020-03-12,20,19
FRPH,26,23,2014-12-30,2020-05-06,21,18
BRAQ,26,26,2010-07-29,2013-09-18,17,17
IDV,26,25,2010-12-13,2016-05-16,23,22
SQBK,26,19,2014-03-25,2015-08-26,26,19
FRAK,26,24,2012-02-14,2019-04-15,26,24
JDST,26,25,2013-10-26,2020-03-27,24,23
IWO,26,25,2009-12-08,2019-03-19,20,19
HQL,26,26,2010-10-01,2020-03-12,20,20
CSD,26,26,2009-08-10,2017-09-20,16,16
BNSO,26,21,2010-11-05,2018-06-28,23,18
SBI,26,25,2009-08-18,2020-03-23,22,21
HYT,26,24,2013-03-08,2020-03-19,24,22
SCX,26,24,2011-03-04,2020-05-01,22,20
TTP,26,24,2011-10-27,2020-06-08,13,11
JDD,26,26,2018-07-24,2020-03-19,23,23
TECS,26,26,2015-08-28,2020-03-23,25,25
FNRG,26,19,2014-03-26,2019-12-16,26,19
ICN,26,26,2009-10-29,2016-02-16,19,19
BSF,26,22,2014-07-03,2018-04-02,26,22
XPP,26,26,2009-09-03,2017-05-22,11,11
NAN,26,24,2013-03-25,2020-03-19,22,20
BKYF,26,23,2009-08-16,2014-09-08,20,18
FXCB,26,19,2010-10-18,2016-04-27,25,18
GAB,25,24,2011-02-17,2020-03-24,20,19
VSCP,25,21,2010-10-01,2016-03-28,22,18
FSFG,25,23,2014-04-23,2020-03-23,24,22
LDP,25,25,2018-08-08,2020-03-12,24,24
EMHY,25,24,2012-05-31,2015-08-27,25,24
QAI,25,25,2009-09-14,2019-04-20,18,18
OHAI,25,23,2015-03-12,2019-11-12,25,23
GDV,25,25,2010-02-23,2020-03-12,20,20
FWM,25,15,2013-04-04,2014-11-07,25,15
SOR,25,24,2010-10-15,2020-03-12,22,21
GNI,25,23,2009-11-30,2016-05-20,12,12
ISD,25,25,2017-03-28,2020-03-19,22,22
PMR,25,24,2010-03-24,2020-01-13,23,22
EFAV,25,24,2011-10-19,2019-09-06,25,24
NFO,25,25,2010-01-17,2013-07-20,22,22
MSC,25,23,2018-10-15,2020-05-14,17,16
PHIIK,25,24,2012-12-20,2019-03-15,25,24
SJNK,25,24,2012-04-30,2018-02-14,25,24
MOG,25,20,2011-05-02,2019-01-25,25,20
NCFT,25,14,2012-04-27,2015-05-06,25,14
BNY,24,22,2009-08-17,2020-03-19,17,15
AXLL,24,23,2013-02-28,2016-03-10,24,23
HVB,24,20,2011-07-21,2015-06-29,24,20
HYI,24,24,2010-10-27,2020-03-12,21,21
SBR,24,24,2009-08-07,2020-03-12,16,16
OFED,24,22,2014-02-27,2020-04-24,20,18
OAKS,24,17,2013-04-16,2018-05-10,24,17
NZF,24,24,2010-12-21,2020-03-19,21,21
AWP,24,24,2010-04-20,2020-05-21,19,19
CURE,24,24,2012-05-02,2020-04-28,23,23
DBV,24,24,2009-11-27,2018-10-22,15,15
LEO,24,24,2009-12-07,2020-03-19,18,18
SRTY,24,24,2010-11-02,2013-01-30,19,19
RUSHB,24,24,2011-05-17,2020-04-13,20,20
GLRI,24,21,2014-07-17,2019-12-23,24,21
ARCX,24,24,2013-11-05,2017-12-18,24,24
PW,24,19,2010-06-15,2020-05-27,14,9
COVR,24,22,2011-05-23,2015-06-22,24,22
SVXY,24,15,2012-05-02,2020-04-19,23,14
KXI,24,24,2011-03-14,2018-03-29,24,24
SWZ,24,22,2011-07-01,2020-01-24,24,22
USBI,24,21,2009-10-01,2016-10-10,19,16
SBY,24,16,2012-12-04,2017-02-28,24,16
DSU,24,24,2009-08-13,2020-03-19,21,21
EGI,24,20,2010-03-02,2019-09-09,19,15
CNYD,24,19,2011-08-10,2016-03-10,24,19
ETG,24,24,2010-03-25,2020-03-23,20,20
NNC,24,22,2009-08-10,2019-08-07,22,21
BGH,24,23,2010-02-08,2020-03-19,11,11
NDP,24,22,2012-09-05,2020-06-08,13,12
CVY,23,23,2010-03-25,2016-01-06,18,18
RIVR,23,17,2010-10-26,2016-02-05,22,16
CIX,23,21,2011-04-08,2020-05-05,20,19
UCBA,23,18,2011-02-02,2018-07-24,22,17
THTI,23,18,2010-11-15,2020-02-28,21,16
REMY,23,15,2013-06-10,2015-10-14,23,15
BGT,23,23,2010-06-03,2020-03-19,20,20
LARK,23,23,2011-05-08,2020-06-08,19,19
BLW,23,23,2010-06-04,2020-03-19,20,20
NMY,23,23,2018-09-13,2020-03-19,21,21
JXSB,23,21,2010-09-21,2018-05-22,21,19
DEJ,23,23,2010-09-13,2015-05-07,12,12
CMGE,23,19,2012-10-04,2014-11-25,23,19
KBWB,23,22,2012-01-12,2020-01-13,23,22
EFT,23,21,2010-07-01,2020-03-19,17,15
VSCI,23,18,2011-05-23,2015-03-30,23,18
FDD,23,22,2009-11-04,2013-08-27,16,15
ANCI,23,21,2009-11-20,2016-03-04,18,16
EOD,23,21,2010-11-19,2020-03-19,15,15
BBLU,23,22,2014-09-03,2016-01-13,23,22
DJCO,23,21,2010-01-19,2020-03-12,20,18
TDIV,23,23,2012-08-17,2016-07-13,23,23
BOTJ,23,22,2012-10-26,2019-11-22,23,22
KIO,23,23,2017-12-19,2020-04-08,18,18
HTY,23,23,2010-09-02,2020-03-23,19,19
JAXB,23,17,2010-05-10,2016-06-23,18,12
MLPA,23,23,2012-04-23,2018-01-11,23,23
GHY,23,23,2015-12-04,2020-03-19,21,21
GLDC,23,15,2010-07-22,2016-07-19,19,12
MGU,23,23,2010-09-09,2020-03-19,18,18
MCR,23,22,2009-08-13,2020-03-19,11,11
BFZ,23,23,2018-07-31,2020-03-19,21,21
FCA,23,22,2011-04-27,2019-09-27,23,22
IAT,23,23,2010-01-07,2018-05-17,16,16
NFJ,23,23,2009-11-19,2020-03-23,16,16
OVLY,22,22,2009-07-27,2020-04-22,19,19
CII,22,22,2009-08-13,2020-03-12,19,19
ERB,22,19,2012-10-04,2016-09-29,22,19
PCO,22,15,2011-10-06,2017-07-12,22,15
MHN,22,21,2009-08-13,2020-03-12,20,19
AGD,22,22,2009-08-12,2020-03-19,19,19
EFZ,22,22,2009-10-29,2013-02-26,17,17
LBMH,22,13,2013-12-24,2016-01-07,22,13
IYG,22,21,2009-11-19,2018-01-26,14,13
PFBX,22,20,2011-12-28,2019-06-27,22,20
ELSE,22,22,2010-03-31,2020-05-11,15,15
GMZ,22,22,2015-08-04,2020-06-08,6,6
CWB,22,21,2010-01-29,2019-03-29,14,13
ERS,22,17,2014-07-02,2017-03-31,22,17
RUK,22,20,2009-11-04,2015-07-01,17,15
PKB,22,22,2009-11-28,2017-03-03,15,15
PXE,22,21,2010-01-21,2020-02-27,20,19
OPWR,22,9,2014-04-29,2016-05-03,22,9
AXPW,22,13,2013-11-15,2015-10-07,22,13
QEPM,22,16,2013-08-09,2015-07-21,22,16
PRF,22,21,2010-06-28,2017-07-24,17,17
AIF,22,22,2017-12-12,2020-03-19,19,19
JMI,22,16,2012-10-29,2016-03-03,22,16
BWG,22,22,2012-03-28,2020-03-12,21,21
YINN,22,21,2012-03-14,2020-05-21,19,18
JHI,22,22,2011-10-12,2020-03-19,19,19
QUAL,22,22,2013-09-12,2020-02-04,22,22
JPC,22,22,2011-01-24,2020-03-19,18,18
SKOR,22,20,2011-03-24,2019-03-25,22,20
ACNB,22,22,2013-05-09,2020-04-29,19,19
JPS,22,22,2009-08-17,2020-03-19,19,19
SNFCA,22,21,2010-05-25,2020-06-08,18,17
OCIR,22,19,2013-09-03,2015-11-05,22,19
BHK,22,22,2018-09-21,2020-03-19,20,20
DFJ,22,22,2009-08-18,2018-01-04,16,16
GCC,22,22,2009-08-10,2018-03-07,13,13
PSLV,22,22,2011-03-11,2019-08-14,22,22
CRED,22,19,2011-01-11,2017-04-21,21,18
IVE,22,22,2010-02-08,2018-12-18,21,21
SCHF,22,22,2009-11-04,2019-11-18,17,17
SHOS,22,17,2013-03-12,2019-10-09,22,17
JGH,21,21,2018-10-08,2020-03-19,19,19
PEY,21,21,2009-08-12,2017-08-01,14,14
GER,21,20,2014-10-20,2020-06-08,8,7
MUS,21,21,2010-03-31,2020-03-19,18,18
IAK,21,21,2009-11-03,2020-03-04,17,17
SIXD,21,17,2015-03-23,2016-03-15,21,17
WRN,21,20,2011-09-07,2020-06-08,18,17
MYJ,21,21,2011-10-17,2020-03-19,19,19
JPI,21,21,2018-09-13,2020-03-19,19,19
ACP,21,21,2010-12-01,2020-03-19,18,18
HAP,21,20,2009-11-04,2012-10-26,13,13
EFF,21,21,2018-08-27,2020-03-19,20,20
PHT,21,21,2010-08-04,2020-03-19,18,18
PGX,21,20,2009-11-06,2016-03-16,15,14
PULB,21,21,2010-09-15,2016-03-30,19,19
BFK,21,21,2015-12-19,2020-03-19,19,19
RGDO,21,16,2013-04-29,2014-11-05,21,16
CHW,21,21,2011-02-07,2020-03-12,17,17
EOS,21,21,2009-08-23,2020-03-12,18,18
BCA,21,19,2010-04-22,2016-03-15,19,17
MBB,21,21,2010-03-29,2019-12-05,17,17
FFC,21,21,2011-12-12,2020-03-19,19,19
IOT,21,20,2009-08-18,2019-11-11,15,14
NMT,21,21,2016-08-15,2020-03-19,20,20
NXP,21,19,2011-09-08,2020-03-19,18,17
ONFC,21,18,2010-06-25,2015-12-07,17,14
DNO,21,19,2009-09-24,2014-10-20,12,12
NVG,21,21,2018-09-13,2020-03-19,19,19
FEN,21,21,2009-12-29,2018-11-21,16,16
THM,21,21,2010-01-04,2018-03-14,14,14
AFB,21,21,2010-10-13,2020-03-19,16,16
VGI,21,21,2015-01-02,2020-03-19,19,19
UAMY,21,20,2012-06-26,2018-09-25,21,20
IGR,21,21,2011-04-12,2020-05-21,17,17
FXD,21,21,2010-07-20,2016-11-11,20,20
DAKP,21,19,2014-08-11,2016-06-30,21,19
DVYE,20,20,2012-03-07,2016-10-25,20,20
WFBI,20,17,2014-11-18,2017-10-19,20,17
IYC,20,20,2009-11-02,2019-08-06,12,12
ITM,20,20,2009-12-01,2019-05-17,11,11
FBZ,20,20,2011-04-25,2016-10-07,20,20
ICLN,20,20,2009-10-29,2020-03-04,12,12
SPXS,20,20,2013-07-24,2020-04-19,18,18
MYI,20,20,2018-09-10,2020-03-19,17,17
FMN,20,20,2010-11-12,2020-03-12,16,16
FXH,20,20,2011-07-13,2019-05-31,20,20
PPHMP,20,17,2014-12-10,2017-11-28,20,17
BTT,20,20,2018-09-17,2020-03-12,17,17
SCHB,20,19,2009-11-04,2019-04-09,13,13
NOBL,20,20,2013-10-28,2019-12-30,20,20
XES,20,20,2009-11-23,2018-09-19,13,13
IGV,20,20,2009-12-10,2020-06-01,12,12
FXO,20,20,2010-09-03,2019-12-20,18,18
USDU,20,20,2015-01-28,2019-05-30,20,20
BGY,20,19,2012-03-07,2020-03-19,16,15
MIY,20,20,2018-07-27,2020-03-12,19,19
CBNJ,20,20,2011-04-14,2016-01-29,20,20
STRN,20,12,2009-08-14,2015-10-28,19,11
MTR,20,19,2011-03-10,2020-01-22,20,19
BZC,20,19,2010-10-29,2015-12-08,18,17
CRVP,20,18,2011-07-08,2018-02-12,20,18
IHY,20,17,2012-04-03,2013-04-16,20,17
IWB,20,19,2010-02-08,2019-11-15,17,16
MELR,19,17,2014-10-22,2020-03-16,10,8
NSL,19,19,2009-12-23,2020-03-19,14,14
EVN,19,19,2011-04-13,2020-03-19,17,17
BIND,19,14,2013-09-20,2016-04-07,19,14
HQH,19,19,2010-10-01,2020-05-26,15,15
CNY,19,19,2009-12-14,2019-08-05,13,13
VGM,19,19,2009-08-17,2020-03-19,14,14
ZTR,19,15,2009-08-10,2020-03-19,11,7
HYB,19,19,2012-10-11,2020-03-19,17,17
FCT,19,19,2011-08-31,2020-03-12,18,18
EXG,19,16,2009-08-18,2020-03-12,14,12
ZA,19,16,2011-03-28,2015-08-31,19,16
FEI,19,19,2014-12-22,2020-03-12,16,16
IWC,19,19,2010-01-10,2019-12-02,15,15
EHI,19,19,2011-08-05,2020-03-19,17,17
EFR,19,19,2011-04-05,2020-03-19,15,15
ETY,19,19,2017-06-26,2020-03-12,17,17
MMT,19,19,2009-08-17,2020-03-19,16,16
PDI,19,19,2012-11-20,2020-03-19,15,15
IEFA,19,19,2012-12-06,2020-03-18,18,18
FV,19,19,2014-07-23,2019-10-28,19,19
UBOH,19,15,2010-07-22,2019-04-22,17,14
WAYN,19,17,2010-10-05,2020-01-28,17,15
SSRG,19,12,2015-01-09,2016-05-05,19,12
NMI,19,19,2009-08-18,2018-10-08,15,15
FPF,19,18,2015-07-15,2020-03-19,17,16
PHD,19,19,2010-08-04,2020-03-19,15,15
TY,19,18,2010-09-03,2020-03-12,15,14
PIO,19,19,2009-11-12,2019-11-13,13,13
NMS,19,19,2018-07-25,2019-02-14,19,19
JRI,19,19,2018-10-08,2020-03-19,16,16
CZNC,19,19,2009-11-27,2020-03-23,14,14
FMO,18,18,2009-08-12,2020-03-12,8,8
BOS,18,14,2009-08-12,2013-09-17,15,11
MVO,18,15,2010-09-10,2020-01-22,16,14
MMU,18,18,2018-09-17,2020-03-19,15,15
IAE,18,18,2009-08-18,2020-03-19,13,13
ASBI,18,15,2010-09-27,2015-10-22,15,12
FFA,18,18,2009-08-12,2020-03-12,15,15
ASPX,18,12,2014-02-05,2015-03-31,18,12
EVG,18,17,2009-08-07,2020-03-19,9,9
SCHD,18,18,2012-07-25,2018-10-15,18,18
ETV,18,17,2009-08-10,2020-03-23,11,11
MUC,18,18,2011-11-03,2020-03-12,17,17
XPL,18,18,2010-06-17,2019-12-06,13,13
GK,18,17,2013-01-29,2017-03-20,18,17
STK,18,18,2017-03-01,2020-03-19,16,16
EIM,18,18,2009-08-10,2018-10-30,15,15
BSD,18,18,2010-05-05,2020-03-19,13,13
JFR,18,18,2014-04-14,2020-03-19,15,15
VCO,18,16,2010-03-30,2018-06-22,15,13
ABCW,18,15,2009-12-02,2016-01-29,14,11
PBE,18,18,2010-03-09,2017-10-06,15,15
OIA,18,17,2016-11-14,2020-03-19,16,15
NUO,18,18,2010-03-29,2020-03-19,15,15
MBRG,18,16,2010-10-28,2017-03-15,16,14
ESMC,18,16,2011-05-05,2016-07-12,18,16
CHYR,18,15,2010-11-04,2015-01-06,17,14
EFNL,18,17,2012-04-04,2019-12-09,18,17
AVK,18,18,2011-09-18,2020-05-12,14,14
MUH,18,18,2018-09-20,2020-03-19,15,15
COB,18,16,2014-04-14,2016-06-29,18,16
QQQE,18,17,2012-10-30,2020-05-12,17,16
RYT,18,18,2011-07-20,2019-02-21,18,18
INF,18,17,2009-12-11,2020-02-20,17,16
ROBO,18,18,2013-10-30,2020-05-14,17,17
IVW,18,17,2009-08-13,2020-02-07,14,14
SPHQ,17,17,2012-11-07,2019-01-07,17,17
GDO,17,17,2010-07-22,2020-03-19,14,14
ZIV,17,3,2011-07-05,2018-02-06,17,3
XBKS,17,17,2011-09-21,2017-11-14,17,17
HPI,17,17,2009-08-12,2020-03-19,11,11
QQQX,17,17,2018-09-13,2020-03-12,15,15
HCAC,17,15,2014-09-22,2020-03-12,16,14
SAJA,17,10,2014-10-16,2017-04-27,17,10
FXN,17,15,2010-10-25,2017-04-03,16,14
DFP,17,17,2018-10-04,2020-03-19,15,15
MFL,17,17,2018-09-10,2020-03-19,14,14
KIQ,17,14,2014-12-02,2020-05-07,16,13
NCZ,17,15,2009-12-23,2020-04-02,9,7
FCE,17,17,2011-03-31,2017-12-06,17,17
NMZ,17,17,2010-01-18,2020-03-19,14,14
MQT,17,17,2018-09-17,2020-03-19,14,14
DTF,17,17,2013-12-11,2020-03-19,14,14
DISCB,17,14,2009-08-13,2020-05-04,9,7
ROKA,17,14,2014-08-11,2017-12-20,17,14
GF,17,17,2009-08-17,2020-03-12,14,14
RCD,17,17,2011-03-30,2016-11-11,17,17
DBJP,17,17,2011-06-09,2016-07-20,17,17
BDMS,17,15,2010-09-09,2016-08-15,13,11
IYJ,17,16,2010-09-27,2016-07-27,12,12
CSRE,17,8,2012-07-23,2015-02-02,17,8
DDP,17,17,2011-05-25,2013-09-20,17,17
VO,16,16,2010-09-30,2019-11-13,13,13
ETO,16,15,2009-08-07,2020-03-12,10,10
IDLV,16,16,2012-02-23,2016-08-31,16,16
JCE,16,16,2018-08-03,2020-03-12,14,14
AXX,16,15,2012-03-09,2015-06-11,16,15
JYN,16,16,2011-03-04,2011-07-28,16,16
GUT,16,16,2011-05-19,2020-03-19,15,15
EMO,16,15,2011-06-10,2020-03-12,9,8
VLUE,16,16,2013-08-06,2020-02-11,16,16
RETL,16,16,2012-02-19,2020-05-26,15,15
TWN,16,16,2010-08-20,2020-03-23,12,12
IXJ,16,16,2011-05-20,2018-03-29,16,16
KCLI,16,16,2011-05-23,2019-11-19,16,16
SIBC,16,8,2012-07-05,2015-11-13,16,8
CSG,16,16,2013-05-21,2015-07-02,16,16
KTF,16,16,2016-09-21,2020-03-12,15,15
SRLN,16,15,2013-05-02,2018-03-23,16,15
EXE,16,15,2011-09-09,2014-10-24,16,15
IBCA,16,15,2009-10-19,2015-01-06,11,10
BGR,16,15,2018-09-13,2020-03-12,13,12
PFN,16,16,2010-05-27,2020-03-12,11,11
CIFC,16,10,2015-05-06,2016-11-03,16,10
PBSK,16,14,2013-10-21,2018-10-31,16,14
ARPI,16,14,2013-06-03,2015-12-04,16,14
FONE,16,16,2011-02-20,2019-05-29,14,14
FXZ,16,14,2010-07-14,2016-09-02,15,13
FVD,16,16,2010-12-06,2017-11-14,15,15
CNCO,16,11,2013-04-02,2016-12-01,16,11
BNDX,15,14,2013-07-29,2020-01-06,15,14
PWX,15,10,2012-02-15,2016-10-31,15,10
NUW,15,15,2018-07-31,2020-03-19,13,13
DWAS,15,15,2012-07-16,2020-04-27,14,14
EZM,15,14,2010-03-29,2018-07-27,13,12
BGB,15,15,2018-08-17,2020-03-19,12,12
CHII,15,14,2011-09-12,2019-11-06,15,14
HCT,15,10,2014-04-07,2014-12-15,15,10
CTR,15,15,2011-02-17,2020-03-12,8,8
EVT,15,14,2010-08-12,2020-03-19,11,11
QCCO,15,15,2011-05-23,2019-11-25,15,15
NBTF,15,12,2010-09-21,2015-02-18,12,9
CFNB,15,13,2010-10-20,2017-10-24,14,12
HBNK,15,12,2011-05-23,2014-11-04,15,12
NVSL,15,12,2011-05-13,2015-10-28,15,12
PCI,15,14,2014-12-22,2020-03-19,12,12
NOM,15,15,2018-08-02,2020-03-23,13,13
RPV,15,15,2011-03-22,2018-05-03,15,15
EDI,15,14,2018-08-16,2020-03-19,12,11
FLC,15,15,2011-12-12,2020-03-19,13,13
QQEW,15,13,2010-07-24,2015-11-04,14,12
NHS,15,15,2009-08-13,2018-11-21,13,13
IID,15,15,2018-08-16,2020-03-11,12,12
BIF,15,15,2009-08-18,2020-03-12,11,11
IJK,15,14,2009-11-03,2019-04-09,12,11
NCQ,15,15,2012-07-18,2016-08-18,15,15
NJV,15,14,2018-09-13,2019-02-14,15,14
GLV,15,15,2011-01-07,2018-12-17,14,14
NKG,15,13,2012-10-17,2020-01-31,15,13
MYN,15,14,2013-03-25,2020-03-12,14,13
GFY,15,15,2018-07-20,2020-03-19,14,14
CBDE,15,12,2014-08-01,2015-02-09,15,12
KBA,15,15,2015-03-13,2019-11-12,15,15
EQS,15,15,2010-11-26,2020-03-06,13,13
BIT,15,14,2015-06-17,2020-03-19,12,11
EOT,15,15,2011-03-04,2020-03-19,13,13
YDKN,15,12,2014-01-27,2016-09-14,15,12
GGN,15,15,2011-07-09,2018-10-30,15,15
WIW,15,15,2014-04-21,2020-03-19,10,10
BST,15,15,2018-07-25,2020-06-08,8,8
SEMI,14,12,2014-04-15,2016-08-18,14,12
WHZ,14,12,2012-05-02,2015-06-29,14,12
MARPS,14,14,2012-11-29,2020-05-01,10,10
MAYS,14,13,2011-01-18,2020-03-03,12,11
NIQ,14,14,2018-09-13,2020-01-31,14,14
VAW,14,13,2010-07-01,2020-02-12,12,11
BYBK,14,12,2014-12-05,2018-01-31,14,12
ACSF,14,12,2015-02-04,2018-05-10,14,12
ETW,14,14,2010-05-05,2020-03-12,9,9
MNP,14,14,2010-08-05,2020-03-19,11,11
HNW,14,14,2010-05-27,2018-12-19,12,12
IIM,14,14,2010-06-20,2020-03-19,10,10
JQC,14,13,2018-10-12,2020-03-19,9,8
IDXJ,14,14,2012-07-03,2013-09-09,14,14
IIF,14,14,2010-10-08,2020-03-23,10,10
GBAB,14,14,2010-10-27,2020-03-19,10,10
DOO,14,14,2010-03-29,2020-06-10,12,12
BWINA,14,14,2011-05-23,2018-06-11,14,14
NHTB,14,13,2010-10-11,2015-04-21,12,11
BLE,14,14,2018-09-18,2020-03-19,12,12
WGA,14,13,2009-11-17,2016-04-13,12,11
APF,14,14,2010-10-08,2019-03-22,13,13
XHE,14,13,2011-07-13,2018-07-24,14,13
IVH,14,14,2018-10-08,2020-03-19,11,11
DHF,14,14,2011-01-09,2020-03-19,10,10
SCU,14,14,2019-10-10,2020-05-08,9,9
SDP,14,14,2009-08-10,2013-09-18,9,9
PEOP,14,11,2011-07-20,2015-02-02,14,11
VTN,14,13,2013-03-25,2020-03-18,11,10
PXH,14,14,2010-10-27,2016-05-05,13,13
MFT,14,14,2009-11-11,2020-03-19,11,11
NRCIB,14,14,2014-02-18,2018-04-17,14,14
ISRA,14,10,2015-01-28,2019-10-04,14,10
PSCD,14,13,2011-07-11,2017-06-02,14,13
MOAT,14,14,2012-05-21,2018-11-01,14,14
ACWV,14,13,2011-10-19,2019-08-18,14,13
VBFC,14,12,2010-06-07,2020-03-19,12,10
FIF,14,14,2009-11-23,2020-03-12,9,9
SVBL,14,14,2011-11-28,2020-03-24,12,12
RBPAA,14,14,2009-08-14,2017-12-04,12,12
CEN,14,13,2015-03-20,2020-04-13,8,7
DSE,14,13,2014-06-26,2020-04-24,8,8
FNI,14,13,2009-10-29,2016-07-20,10,9
CRRS,14,14,2013-09-06,2015-02-27,14,14
EDEN,14,13,2009-08-13,2019-08-20,13,12
TYD,13,13,2010-09-20,2019-10-25,11,11
JTA,13,13,2017-06-26,2020-03-12,10,10
DXPS,13,13,2013-07-09,2017-04-20,13,13
GURU,13,13,2012-06-04,2017-05-09,13,13
SMM,13,12,2010-10-14,2020-05-07,8,8
PKO,13,13,2010-12-21,2020-03-19,8,8
FOF,13,13,2010-05-17,2020-03-19,9,9
FIW,13,13,2009-11-12,2016-09-23,10,10
ISDR,13,13,2010-11-08,2020-04-30,11,11
AMCO,13,13,2014-04-16,2016-07-18,13,13
GRN,13,13,2009-11-04,2017-09-20,11,11
RING,13,13,2012-03-27,2019-02-04,13,13
EDF,13,13,2010-03-31,2020-03-19,7,7
PEZ,13,13,2010-09-15,2015-10-14,10,10
HIO,13,13,2010-06-29,2020-03-19,10,10
NTL,13,12,2010-07-09,2017-11-13,11,10
GCV,13,13,2011-05-18,2020-02-20,13,13
GDL,13,13,2009-08-17,2020-03-12,9,9
MFM,13,13,2010-05-11,2020-03-19,10,10
EMF,13,13,2010-03-09,2020-03-23,9,9
ERC,13,13,2010-11-19,2018-12-20,12,12
BXMX,13,13,2016-01-15,2020-03-12,11,11
WIA,13,13,2009-08-10,2020-03-19,8,8
PFD,13,13,2011-12-06,2020-03-19,11,11
PSL,13,11,2011-04-15,2016-12-20,13,11
IQI,13,13,2018-09-21,2020-03-19,11,11
NHF,13,13,2014-08-22,2020-04-01,11,11
HYMB,13,13,2012-05-18,2018-04-18,13,13
GGT,13,13,2011-03-21,2020-03-19,9,9
NTX,13,13,2018-09-13,2020-01-10,13,13
MXF,13,13,2014-03-19,2020-03-23,10,10
IGA,13,13,2010-09-27,2020-03-12,8,8
SJB,13,12,2011-03-22,2016-06-16,13,12
MSF,12,12,2010-04-06,2019-10-21,11,11
INTG,12,12,2010-10-07,2020-03-11,10,10
EDD,12,12,2011-10-20,2020-04-20,9,9
VVR,12,12,2011-08-31,2020-03-18,6,6
XSLV,12,12,2013-03-18,2019-12-11,12,12
VCIT,12,12,2010-09-22,2019-10-16,11,11
KSM,12,12,2009-08-12,2020-03-19,9,9
DMO,12,12,2018-07-25,2020-03-12,10,10
SNC,12,8,2016-09-06,2017-10-24,12,8
JRS,12,12,2010-05-11,2020-03-19,8,8
FNFV,12,11,2015-02-23,2017-10-25,12,11
BFY,12,12,2018-08-03,2020-03-19,11,11
ARKW,12,12,2015-06-17,2020-05-06,11,11
FTF,12,12,2016-10-20,2018-11-23,12,12
ETX,12,12,2018-07-23,2020-03-23,10,10
NUV,12,12,2011-06-08,2020-03-23,10,10
NEN,12,12,2011-09-13,2020-01-03,12,12
VIXY,12,12,2011-06-01,2019-05-17,12,12
VMO,12,12,2018-09-20,2020-03-19,9,9
NKY,12,12,2011-07-17,2014-10-01,12,12
SRSC,12,10,2014-12-08,2017-07-06,12,10
UGLD,12,12,2016-11-15,2018-07-19,12,12
BRAF,12,12,2010-12-20,2015-09-26,11,11
EAD,12,12,2010-07-09,2018-12-20,11,11
FAM,12,12,2015-03-19,2020-03-19,11,11
ENRJ,12,12,2014-06-13,2018-03-21,12,12
CRF,12,12,2009-08-13,2018-12-20,9,9
XMLV,12,12,2013-03-18,2019-11-06,12,12
DUC,12,12,2011-11-07,2020-03-19,10,10
ATLO,12,12,2012-07-13,2020-05-14,10,10
FEO,12,12,2018-08-16,2020-03-20,10,10
EOI,12,12,2010-12-23,2020-03-12,9,9
BBC,12,10,2015-01-26,2020-05-07,11,9
GLQ,12,12,2013-12-12,2018-11-21,12,12
MOKO,11,9,2014-06-20,2016-01-27,11,9
LABC,11,9,2010-06-07,2015-07-31,10,8
VYFC,11,7,2010-09-07,2014-11-25,10,6
TLI,11,11,2015-05-18,2020-03-11,10,10
APB,11,10,2009-11-19,2018-12-14,10,9
MUE,11,11,2018-09-17,2020-03-12,10,10
JEQ,11,11,2018-08-16,2018-12-17,11,11
MHD,11,11,2018-09-25,2020-03-19,9,9
SCHP,11,11,2011-08-03,2019-07-18,11,11
MHE,11,11,2018-07-20,2018-10-30,11,11
TEI,11,11,2018-08-27,2020-03-23,7,7
GTWN,11,7,2014-07-29,2017-04-25,11,7
VXF,11,11,2010-03-10,2020-02-24,10,10
RVM,11,7,2011-07-25,2015-05-05,11,7
DOM,11,7,2010-11-18,2016-01-04,10,6
AFCB,11,9,2012-04-18,2018-06-11,11,9
BME,11,11,2018-09-04,2020-03-23,8,8
BQH,11,11,2018-08-02,2020-03-19,8,8
MLPX,11,9,2016-04-28,2019-06-21,11,9
BAF,11,11,2018-09-18,2018-11-01,11,11
MYC,11,11,2018-09-18,2020-03-19,9,9
JMLP,11,11,2018-11-20,2020-03-10,7,7
DGRO,11,11,2015-02-24,2019-06-21,11,11
CGO,11,11,2009-11-27,2018-12-20,10,10
FXL,11,11,2011-09-14,2018-11-03,11,11
SMLR,11,11,2014-02-07,2020-03-03,10,10
RYH,11,11,2011-07-13,2019-11-25,11,11
MNE,11,11,2010-05-10,2020-01-28,10,10
JRO,11,11,2018-09-04,2020-03-19,8,8
EMCD,11,11,2012-06-18,2016-08-03,11,11
JOF,11,11,2011-06-10,2020-03-12,8,8
HPS,11,11,2009-08-12,2020-03-19,6,6
JTD,11,11,2018-10-12,2020-03-19,8,8
BKT,11,11,2011-09-12,2020-03-19,9,9
NRCIA,11,11,2015-12-01,2018-05-01,11,11
MEIL,10,8,2013-12-17,2019-12-27,10,8
MYD,10,10,2018-10-08,2020-03-19,8,8
FCOM,10,10,2014-05-19,2020-02-03,10,10
ANIP,10,7,2020-04-13,2020-05-08,0,0
SCHW,10,5,2020-06-04,2020-06-11,0,0
CHXF,10,10,2012-09-21,2013-09-05,10,10
BIB,10,10,2012-05-02,2020-03-09,9,9
ENY,10,9,2011-05-25,2017-04-17,10,9
INTC,10,9,2020-05-26,2020-06-09,0,0
HPQ,10,8,2020-05-28,2020-06-11,0,0
SCL,10,8,2019-10-23,2020-04-21,2,2
CXH,10,10,2018-09-21,2020-03-19,7,7
SCI,10,8,2020-02-18,2020-05-14,3,3
SCCO,10,9,2020-03-23,2020-05-19,0,0
BPOPM,10,10,2018-08-06,2019-02-14,10,10
RYL,10,10,2015-06-16,2016-11-07,10,10
XSOE,10,10,2015-09-24,2019-09-11,10,10
BLDP,10,9,2020-04-08,2020-06-09,0,0
EEA,10,10,2015-01-22,2020-03-05,9,9
BBY,10,4,2020-05-21,2020-06-04,0,0
NID,10,10,2018-09-13,2020-03-12,9,9
DGRE,10,9,2013-08-08,2016-12-13,10,9
BKN,10,10,2018-09-20,2020-03-19,7,7
DIS,10,4,2020-06-05,2020-06-10,0,0
JPM,10,9,2020-05-29,2020-06-11,0,0
MQY,10,10,2018-09-14,2020-03-19,8,8
BBK,10,10,2018-09-21,2020-03-19,6,6
APEI,10,9,2019-11-12,2020-05-29,3,3
V,10,7,2020-05-20,2020-06-11,0,0
INB,10,10,2014-01-15,2019-12-23,10,10
LMCB,10,7,2012-08-14,2017-02-08,10,7
BA,10,2,2020-06-09,2020-06-10,0,0
CAF,10,10,2018-10-08,2020-03-19,7,7
BLKB,10,10,2020-03-06,2020-05-05,0,0
PFXF,10,10,2012-07-17,2019-11-21,10,10
PTF,10,10,2011-09-26,2017-04-17,10,10
SAR,10,9,2020-03-19,2020-05-15,0,0
TSLF,10,10,2015-05-22,2020-03-19,9,9
VGGL,10,7,2015-11-10,2016-04-14,10,7
RDIB,10,10,2012-05-25,2020-03-13,8,8
VGK,10,3,2020-06-09,2020-06-11,0,0
CARA,10,7,2020-04-21,2020-05-20,0,0
TWTR,10,5,2020-06-05,2020-06-11,0,0
MMD,10,10,2018-08-13,2020-03-19,8,8
EVM,10,10,2018-04-26,2018-10-11,10,10
VMM,10,10,2018-09-13,2018-10-10,10,10
AMSG,10,5,2016-11-09,2016-12-05,10,5
SAND,10,8,2020-04-23,2020-05-19,0,0
SBS,10,9,2020-04-15,2020-06-11,0,0
EDIV,10,10,2011-05-09,2016-04-03,10,10
BGCA,10,10,2014-12-01,2015-05-05,10,10
ZFC,10,8,2013-03-05,2016-03-11,10,8
ANCB,10,10,2017-09-27,2018-10-29,10,10
ABCB,10,9,2020-03-12,2020-05-22,0,0
MIE,10,10,2016-02-17,2020-03-12,4,4
WMT,10,4,2020-06-05,2020-06-11,0,0
T,10,5,2020-05-27,2020-06-11,0,0
RGT,10,9,2018-12-10,2020-03-19,9,8
GM,10,6,2020-06-05,2020-06-11,0,0
SD,10,10,2020-02-05,2020-06-11,4,4
GMK,9,8,2011-07-25,2015-03-05,9,8
ECF,9,9,2012-01-13,2018-12-17,9,9
TECU,9,5,2014-09-24,2015-09-01,9,5
BPOPN,9,9,2018-09-13,2019-02-14,9,9
FXR,9,9,2011-05-07,2017-08-02,9,9
GGM,9,9,2018-10-23,2020-03-19,7,7
CLM,9,9,2011-12-20,2018-12-20,9,9
ASHS,9,9,2014-09-03,2019-03-07,9,9
IHDG,9,9,2014-09-11,2019-12-17,9,9
BOIL,9,7,2012-04-25,2013-09-24,9,7
PBCP,9,8,2012-09-17,2016-12-22,9,8
XLG,9,9,2012-04-03,2016-04-21,9,9
CXE,9,9,2018-10-08,2020-03-19,7,7
GLU,9,7,2014-02-18,2018-12-14,9,7
EIO,9,9,2018-09-24,2018-10-24,9,9
IWN,9,9,2011-07-06,2020-06-10,8,8
EMLP,9,9,2012-06-20,2019-05-08,9,9
MVF,9,9,2018-10-04,2020-03-19,7,7
TTT,9,8,2011-05-16,2019-05-16,9,8
VKQ,9,9,2018-09-18,2020-03-19,6,6
TWM,9,9,2011-05-16,2015-06-19,9,9
MAB,9,9,2018-04-26,2018-10-23,9,9
UAE,9,9,2012-01-06,2020-03-04,8,8
ESBF,9,8,2011-07-19,2015-01-27,9,8
NTRSP,9,9,2018-09-13,2018-12-14,9,9
BCV,9,9,2013-10-22,2020-03-16,8,8
BAR,9,9,2017-09-01,2020-06-05,7,7
FKO,9,7,2012-12-04,2016-09-26,9,7
RHS,9,9,2011-09-08,2017-05-03,9,9
PMM,9,9,2017-08-07,2020-03-12,7,7
VOT,9,9,2011-07-18,2018-04-09,9,9
GOODO,9,9,2018-08-17,2019-02-15,9,9
NXQ,9,9,2018-09-20,2020-03-12,8,8
DGP,9,9,2011-04-27,2016-06-21,9,9
ALFA,9,9,2012-05-31,2016-11-07,9,9
ITOT,9,9,2015-11-10,2019-12-20,9,9
MDIV,9,9,2012-08-28,2017-04-12,9,9
CMSB,9,5,2011-07-20,2014-09-26,9,5
DGRS,9,9,2013-07-29,2020-01-21,9,9
HKTV,9,4,2015-04-01,2015-11-30,9,4
SHV,9,9,2013-04-26,2019-01-15,9,9
GOODP,9,9,2018-08-17,2019-08-16,9,9
BBF,9,9,2018-10-10,2020-03-12,8,8
NCB,9,9,2018-09-13,2020-03-11,8,8
DPK,9,9,2011-05-31,2019-09-26,9,9
TLTE,9,9,2012-10-01,2017-06-08,9,9
CEE,9,7,2011-07-18,2020-03-12,7,5
WDTI,9,9,2011-12-05,2017-02-09,9,9
PUI,9,9,2011-07-12,2017-04-17,9,9
VIIX,9,9,2013-02-22,2019-05-10,9,9
SCHX,9,9,2012-06-18,2017-07-07,9,9
BSL,9,9,2011-12-14,2020-03-19,6,6
CIF,9,9,2018-10-11,2020-03-19,7,7
ENX,9,9,2018-04-26,2018-11-01,9,9
OSGB,9,9,2015-01-20,2016-03-21,9,9
PSP,9,9,2011-08-05,2020-03-03,8,8
TQQQ,9,9,2012-03-01,2019-10-16,9,9
BKF,9,7,2011-06-27,2013-08-12,9,7
ACWI,9,8,2012-07-20,2020-03-03,8,7
PIM,9,9,2012-01-18,2020-03-19,7,7
AMZA,9,9,2015-04-06,2018-10-03,9,9
EVF,8,8,2018-10-11,2020-03-19,6,6
FTC,8,8,2011-05-09,2018-05-16,8,8
DMF,8,8,2018-09-20,2018-10-12,8,8
DSI,8,8,2012-02-13,2020-01-15,8,8
IRR,8,8,2018-10-24,2020-03-06,5,5
VXUS,8,8,2013-02-28,2020-02-25,8,8
EMQQ,8,8,2015-09-24,2020-02-10,8,8
WHX,8,7,2012-02-16,2015-02-13,8,7
BBRC,8,8,2012-08-15,2015-09-02,8,8
MGF,8,8,2018-09-13,2020-03-19,6,6
ALLB,8,6,2011-12-14,2015-03-03,8,6
DJP,8,8,2011-06-17,2016-08-09,8,8
FKU,8,8,2012-10-05,2016-07-19,8,8
DBL,8,8,2018-09-27,2020-03-12,7,7
BPK,8,8,2013-07-11,2018-12-12,8,8
LGI,8,8,2014-12-18,2020-03-19,7,7
CIK,8,8,2018-10-12,2018-12-12,8,8
NCA,8,8,2011-09-29,2020-03-12,7,7
OXLCO,8,8,2018-07-20,2018-12-20,8,8
DBU,8,8,2011-06-29,2013-08-23,8,8
IST,8,8,2011-08-23,2017-04-03,8,8
IJT,8,8,2011-07-11,2018-08-06,8,8
QAT,8,8,2014-06-02,2018-12-27,8,8
MFD,8,8,2011-12-12,2020-03-11,7,7
OEF,8,8,2011-10-06,2017-01-20,8,8
UBC,8,7,2011-07-08,2015-03-09,8,7
CGW,8,8,2011-05-24,2017-03-09,8,8
NYV,8,8,2018-09-13,2020-03-19,7,7
FDL,8,8,2012-02-14,2020-04-22,7,7
RIOM,8,5,2014-04-04,2015-02-09,8,5
BVA,8,7,2015-05-07,2016-05-16,8,7
ARKK,8,8,2017-12-06,2020-05-28,6,6
CEV,8,8,2018-09-20,2018-10-12,8,8
PSK,8,8,2011-05-23,2019-07-22,8,8
EMXX,8,6,2012-01-25,2016-08-15,8,6
MTT,8,8,2018-09-27,2020-03-19,6,6
PFX,8,4,2012-12-06,2015-09-29,8,4
SBB,8,7,2011-06-14,2014-09-10,8,7
PFL,8,8,2013-06-25,2020-03-12,6,6
RXD,8,8,2011-07-28,2012-09-21,8,8
SLVP,8,8,2012-03-07,2016-12-28,8,8
AAXJ,8,8,2011-09-14,2017-08-14,8,8
NAC,8,8,2016-08-15,2020-02-21,8,8
DWX,8,8,2011-05-18,2015-09-16,8,8
MUA,8,8,2018-09-21,2020-03-19,6,6
GLDX,8,8,2011-09-06,2014-08-22,8,8
ITF,8,8,2013-05-01,2015-05-13,8,8
RWR,8,7,2012-04-04,2017-03-15,8,7
CROC,8,8,2013-06-07,2018-10-09,8,8
BKK,8,8,2013-07-11,2020-03-12,6,6
BKEPP,8,8,2012-09-17,2019-08-05,8,8
KEF,8,7,2011-06-07,2017-07-05,8,7
CBIN,8,7,2012-10-24,2015-05-12,8,7
PPT,8,8,2012-03-28,2020-03-19,5,5
BIL,8,8,2013-08-19,2015-10-21,8,8
CBSHP,8,8,2018-08-09,2019-09-12,8,8
KBWP,8,8,2012-11-05,2019-05-16,8,8
PSI,8,7,2011-07-09,2020-03-03,7,6
SCHE,8,8,2011-09-13,2019-12-12,8,8
SCD,8,8,2011-06-01,2020-03-12,7,7
GGZ,8,8,2018-10-11,2020-03-06,6,6
KCE,8,8,2011-09-14,2019-10-03,8,8
EIP,7,7,2018-09-24,2018-10-24,7,7
PLMT,7,6,2012-06-20,2015-04-22,7,6
CHSCN,7,6,2018-10-04,2018-12-20,7,6
CMF,7,7,2011-08-03,2016-08-20,7,7
BIK,7,7,2011-06-27,2016-08-03,7,7
SRV,7,7,2014-05-02,2020-02-27,5,5
UTF,7,7,2019-12-23,2020-03-19,2,2
VTIP,7,7,2012-12-07,2019-01-29,7,7
IKGH,7,7,2014-03-25,2014-12-02,7,7
PSQ,7,7,2011-05-02,2020-03-06,6,6
FXS,7,7,2011-05-27,2016-02-03,7,7
TCPI,7,4,2014-05-21,2015-08-07,7,4
VMBS,7,7,2012-04-19,2017-05-30,7,7
GOF,7,7,2012-01-25,2020-03-19,4,4
PFO,7,7,2011-12-12,2020-03-19,5,5
USMD,7,7,2014-01-14,2016-08-30,7,7
DXD,7,7,2011-05-30,2012-04-25,7,7
ETB,7,7,2018-10-29,2020-03-23,4,4
DBMX,7,7,2015-07-30,2017-03-03,7,7
PGHY,7,7,2013-06-26,2016-03-11,7,7
DBP,7,7,2011-05-01,2013-02-27,7,7
CNXT,7,7,2015-06-20,2016-10-03,7,7
ROOF,7,7,2011-06-14,2013-03-20,7,7
FGB,7,7,2011-08-15,2020-05-12,2,2
ESCR,7,6,2014-07-14,2015-10-07,7,6
SPYG,7,7,2017-10-17,2019-12-10,7,7
BUI,7,7,2018-10-29,2020-03-19,3,3
CRD,7,6,2012-06-14,2019-08-05,7,6
EIV,7,7,2018-09-24,2018-10-29,7,7
IOIL,7,7,2011-06-16,2013-09-17,7,7
EURL,7,7,2015-09-01,2020-02-21,7,7
BIS,7,7,2012-03-21,2015-08-21,7,7
UYG,7,7,2011-08-26,2017-10-02,7,7
DBB,7,7,2011-10-20,2015-07-08,7,7
MHF,7,7,2011-05-05,2020-03-12,6,6
CWAY,7,5,2018-03-14,2018-09-24,7,5
DGZ,7,7,2011-05-02,2015-11-24,7,7
XMPT,7,7,2011-07-13,2013-01-04,7,7
PZI,7,7,2012-01-02,2016-05-27,7,7
BTA,7,7,2018-10-08,2020-03-19,5,5
SCHG,7,7,2011-10-26,2018-10-04,7,7
JW,7,6,2011-05-29,2019-03-05,7,6
HYS,7,6,2013-04-12,2017-02-15,7,6
FCHI,7,7,2012-07-16,2013-09-16,7,7
MIW,7,7,2016-08-15,2018-10-12,7,7
APSA,7,5,2011-06-07,2014-06-26,7,5
KOLD,7,7,2012-04-25,2016-03-01,7,7
PSCU,7,7,2012-04-26,2020-03-03,6,6
EEB,7,7,2011-06-27,2013-08-12,7,7
BSE,7,7,2011-06-20,2020-03-19,6,6
IAF,7,7,2018-09-06,2018-12-10,7,7
DLS,7,7,2012-05-11,2017-11-22,7,7
SCHH,7,7,2011-09-08,2018-12-12,7,7
SCHZ,7,7,2012-09-21,2019-07-18,7,7
SZK,7,6,2011-08-17,2012-09-21,7,6
NIM,7,6,2011-05-03,2020-02-05,7,6
NYH,7,7,2018-09-21,2018-10-10,7,7
YXI,7,6,2011-06-14,2019-09-29,7,6
RYE,7,7,2011-11-02,2013-07-10,7,7
TYO,7,7,2015-11-20,2019-10-25,7,7
SBIO,7,7,2015-02-17,2018-03-09,7,7
GPM,7,7,2018-10-29,2020-03-12,5,5
SVLC,7,7,2013-03-05,2015-02-26,7,7
QTEC,7,7,2012-02-13,2017-08-02,7,7
VGLT,7,7,2011-12-10,2019-08-26,7,7
TLTD,7,7,2012-10-05,2015-11-12,7,7
HBK,7,6,2015-04-02,2018-11-23,7,6
NECB,7,6,2011-05-20,2020-02-20,7,6
HTD,7,6,2014-12-18,2020-03-19,2,2
RIF,7,7,2011-08-01,2017-12-08,7,7
FCAN,7,6,2013-08-09,2017-04-17,7,6
MIN,7,7,2018-07-27,2020-03-12,6,6
APAGF,7,5,2011-08-22,2014-10-03,7,5
PSCH,7,7,2011-07-13,2018-07-02,7,7
SRS,6,6,2011-06-19,2013-09-03,6,6
KBWR,6,6,2012-10-08,2016-03-29,6,6
VEU,6,6,2012-03-01,2019-04-28,6,6
CRV,6,6,2011-09-13,2015-07-09,6,6
BRAZ,6,6,2011-06-10,2012-09-21,6,6
EVV,6,6,2018-10-11,2018-12-17,6,6
VFL,6,6,2011-08-18,2018-10-10,6,6
FENY,6,6,2016-01-25,2020-03-24,5,5
VEGI,6,6,2012-02-06,2014-09-09,6,6
EVY,6,6,2018-09-21,2018-10-12,6,6
FHLC,6,6,2015-10-29,2018-04-03,6,6
RXL,6,6,2011-07-20,2013-05-26,6,6
FHY,6,6,2011-12-20,2018-06-25,6,6
UBT,6,5,2011-08-03,2012-06-13,6,5
HELI,6,6,2014-06-18,2015-01-02,6,6
MAV,6,6,2018-10-12,2020-03-19,4,4
FITBI,6,6,2018-10-08,2018-11-29,6,6
IXP,6,6,2011-09-20,2018-01-22,6,6
DEF,6,6,2012-02-20,2019-11-26,6,6
MCN,6,6,2018-09-17,2020-02-28,5,5
BDCV,6,6,2014-08-06,2015-12-02,6,6
UPRO,6,6,2011-09-14,2013-05-26,6,6
UPV,6,6,2011-06-16,2016-07-26,6,6
CHIX,6,6,2013-03-28,2019-11-06,6,6
MDD,6,6,2011-08-26,2016-08-03,6,6
DRW,6,6,2011-06-22,2018-02-02,6,6
SPFF,6,6,2012-11-05,2019-07-24,6,6
GTU,6,6,2012-01-05,2015-12-16,6,6
CHSCM,6,6,2018-10-04,2018-12-20,6,6
UTG,6,5,2012-08-14,2019-06-17,6,5
LMCK,6,5,2016-05-09,2016-12-15,6,5
DIAX,6,6,2018-10-02,2020-03-12,3,3
PID,6,6,2011-10-19,2013-07-11,6,6
DSUM,6,6,2011-10-12,2013-04-16,6,6
EWUS,6,5,2013-07-22,2016-07-19,6,5
HMG,6,4,2013-03-04,2018-06-11,6,4
UYM,6,6,2011-06-15,2016-11-23,6,6
SPXU,6,6,2011-09-14,2019-10-07,6,6
VBK,6,6,2011-07-27,2019-12-11,6,6
RYU,6,5,2011-07-22,2019-09-19,6,5
JKE,6,6,2011-08-25,2012-12-06,6,6
HDGE,6,6,2011-09-23,2020-03-22,5,5
SCHM,6,6,2012-09-21,2019-09-19,6,6
DMB,6,6,2016-10-14,2020-03-12,5,5
RFG,6,6,2011-08-24,2019-04-09,6,6
MINT,6,6,2011-11-28,2019-01-04,6,6
DOL,6,6,2011-07-15,2019-07-03,6,6
SDD,6,4,2011-07-25,2012-01-30,6,4
NLR,6,6,2011-05-05,2013-06-24,6,6
CAFE,6,6,2014-08-30,2017-01-23,6,6
REW,6,6,2011-07-06,2012-06-11,6,6
DNL,6,6,2011-06-06,2013-09-11,6,6
PSCE,6,6,2011-10-17,2018-04-16,6,6
TCBIP,6,5,2018-08-30,2019-08-29,6,5
PXJ,6,5,2011-07-15,2020-06-08,5,4
RTM,6,6,2011-07-14,2019-10-31,6,6
BIZD,6,6,2013-03-22,2019-10-30,6,6
BIV,6,6,2015-12-22,2020-02-24,6,6
PCM,6,6,2011-08-23,2020-03-19,4,4
IGN,6,6,2011-09-28,2015-08-30,6,6
WITE,6,6,2011-05-02,2013-01-22,6,6
PSBH,6,5,2013-04-01,2015-09-10,6,5
NML,6,6,2015-07-15,2018-12-19,6,6
IEUR,6,6,2015-10-13,2018-02-08,6,6
GCH,6,6,2011-10-12,2016-11-07,6,6
DNP,6,6,2011-11-07,2020-03-23,3,3
GFNCP,6,6,2018-07-27,2019-01-29,6,6
AIA,6,6,2011-04-29,2016-06-27,6,6
PGP,6,6,2011-10-14,2020-02-28,5,5
SSO,6,6,2011-06-03,2015-01-14,6,6
DBGR,6,6,2013-08-29,2018-01-04,6,6
PXF,6,6,2012-11-28,2018-05-29,6,6
MLN,6,5,2011-11-28,2013-01-04,6,5
IRDMB,6,6,2018-07-25,2018-08-10,6,6
FEX,5,5,2012-02-06,2013-08-23,5,5
BWX,5,5,2011-06-09,2017-09-27,5,5
SLMBP,5,5,2018-09-06,2019-11-19,5,5
SCHA,5,5,2012-09-21,2019-07-22,5,5
HGI,5,5,2011-06-29,2014-06-25,5,5
PCQ,5,5,2011-05-25,2020-03-12,4,4
ENFR,5,5,2018-08-17,2020-01-30,5,5
BLH,5,5,2011-09-26,2018-12-14,5,5
WOOD,5,5,2011-05-06,2018-10-11,5,5
NBH,5,5,2018-09-10,2018-11-01,5,5
QCAN,5,4,2016-08-20,2017-04-17,5,4
DXGE,5,4,2015-04-14,2018-08-02,5,4
MYF,5,5,2018-12-14,2020-03-19,2,2
PSCC,5,5,2013-01-04,2018-07-06,5,5
PWV,5,4,2011-05-11,2016-03-18,5,4
SMIN,5,5,2012-08-08,2015-08-10,5,5
EFU,5,5,2011-06-28,2013-05-26,5,5
BWINB,5,5,2011-06-28,2018-06-11,5,5
ACWX,5,5,2012-08-22,2019-09-24,5,5
VWOB,5,5,2013-06-26,2019-04-28,5,5
QDEF,5,5,2013-04-16,2017-07-27,5,5
RWX,5,5,2012-03-21,2013-04-12,5,5
PERM,5,5,2012-02-07,2012-06-14,5,5
RDIV,5,5,2015-09-09,2018-09-14,5,5
JPP,5,5,2012-02-12,2016-08-03,5,5
PMF,5,5,2011-06-08,2020-03-19,3,3
RJA,5,5,2012-07-18,2017-04-15,5,5
KFYP,5,5,2013-09-05,2019-10-28,5,5
GII,5,5,2013-02-22,2020-03-20,4,4
FEM,5,5,2013-03-08,2018-05-16,5,5
GDEF,5,4,2013-10-25,2015-11-17,5,4
BOM,5,5,2011-05-12,2012-03-12,5,5
HEWJ,5,5,2015-07-28,2017-09-29,5,5
UHN,5,5,2012-11-02,2015-03-06,5,5
FCO,5,5,2011-12-15,2018-12-20,5,5
FCLF,5,3,2012-10-24,2016-04-26,5,3
FILL,5,5,2012-06-07,2013-09-11,5,5
HEZU,5,5,2015-11-16,2017-11-15,5,5
PIZ,5,5,2012-04-20,2013-09-26,5,5
SCZ,5,5,2011-12-01,2017-09-18,5,5
LTL,5,5,2011-05-05,2012-04-18,5,5
PMX,5,5,2011-06-08,2020-03-19,3,3
CHIM,5,5,2012-02-14,2019-11-06,5,5
DOG,5,5,2011-06-06,2020-03-23,4,4
SDOG,5,5,2012-06-29,2020-01-03,5,5
DDT,5,5,2018-07-23,2018-10-16,5,5
TBF,5,5,2011-05-22,2017-04-03,5,5
TSI,5,5,2018-11-19,2020-03-19,2,2
NXR,5,5,2012-01-19,2020-03-19,3,3
XSW,5,5,2018-07-24,2020-02-03,5,5
WVFC,5,4,2015-03-25,2020-01-28,5,4
COBK,5,5,2011-08-19,2015-03-09,5,5
AKP,5,5,2017-06-23,2018-12-28,5,5
VBR,5,5,2012-10-04,2020-01-22,5,5
RNP,5,5,2018-12-19,2020-03-19,3,3
EWGS,5,5,2013-08-09,2017-09-21,5,5
VCSH,5,5,2016-06-01,2018-12-19,5,5
VCV,5,4,2013-02-19,2020-03-12,4,3
BABS,5,5,2011-08-03,2016-08-03,5,5
IWR,5,5,2016-02-12,2020-05-16,4,4
REZ,5,5,2012-05-01,2020-04-23,4,4
DBBR,5,5,2011-06-09,2015-09-03,5,5
JHS,5,5,2018-10-10,2020-03-12,4,4
MTS,5,5,2012-05-17,2015-09-04,5,5
DBEM,5,5,2011-06-09,2016-01-05,5,5
NNY,5,5,2019-01-02,2020-03-23,3,3
DBEU,5,5,2015-05-18,2017-01-03,5,5
MGH,5,5,2011-07-05,2015-03-26,5,5
EVP,5,5,2011-09-16,2018-10-11,5,5
TLO,5,5,2011-05-17,2016-03-21,5,5
EVO,5,5,2016-08-15,2018-10-12,5,5
RCG,5,4,2016-01-11,2016-06-28,5,4
TLH,5,5,2011-05-02,2016-09-09,5,5
PAI,5,5,2018-10-08,2020-03-19,4,4
EMI,5,5,2011-05-06,2018-10-12,5,5
SGF,5,5,2011-05-19,2018-03-13,5,5
AZIA,5,5,2013-04-04,2015-09-26,5,5
HTWO,5,3,2013-03-22,2015-03-04,5,3
ROIQ,5,5,2013-05-02,2015-10-26,5,5
CVOL,5,5,2011-08-22,2013-09-11,5,5
VLT,5,5,2018-11-23,2020-03-19,1,1
FVL,5,5,2011-08-05,2012-02-13,5,5
HYLD,5,5,2012-04-16,2014-08-14,5,5
CMU,5,5,2018-10-23,2020-03-20,4,4
DAX,5,5,2015-06-29,2016-02-08,5,5
CHSCO,5,5,2018-10-04,2018-12-20,5,5
LND,5,5,2015-06-10,2020-03-12,4,4
ATL,5,3,2012-09-25,2015-07-10,5,3
ACG,5,3,2014-06-25,2015-08-28,5,3
VSS,5,5,2012-03-01,2020-01-06,5,5
CSJ,5,5,2012-04-19,2016-08-19,5,5
PZC,5,5,2011-05-25,2020-03-19,3,3
MPV,5,5,2019-01-14,2020-03-19,1,1
IDHB,5,4,2012-09-20,2013-09-17,5,4
FWV,5,5,2013-08-06,2015-10-26,5,5
CCX,4,4,2011-05-24,2013-01-22,4,4
ENOR,4,3,2012-06-01,2020-03-13,3,2
CACGU,4,3,2012-12-14,2012-12-28,4,3
MDVXU,4,2,2014-12-19,2015-01-30,4,2
PSR,4,4,2011-07-27,2016-01-11,4,4
RGI,4,4,2011-07-22,2017-05-26,4,4
JPIN,4,4,2015-09-30,2018-04-24,4,4
RZG,4,4,2011-10-26,2018-05-14,4,4
IPF,4,4,2011-06-15,2013-08-23,4,4
EXT,4,4,2011-10-12,2019-06-26,4,4
INR,4,4,2011-05-31,2013-06-26,4,4
EMIF,4,4,2011-05-31,2013-06-25,4,4
WLRHU,4,2,2014-06-06,2015-06-29,4,2
HDRAU,4,3,2014-10-08,2014-12-10,4,3
DTH,4,4,2011-06-29,2016-04-07,4,4
MDSY,4,4,2015-11-27,2017-05-03,4,4
ADRU,4,4,2012-01-13,2013-08-09,4,4
QDF,4,4,2013-04-08,2017-05-08,4,4
CH,4,4,2012-08-08,2018-10-07,4,4
UST,4,4,2011-08-03,2016-11-23,4,4
FFNM,4,2,2011-08-08,2015-12-15,4,2
VKI,4,4,2015-05-13,2018-10-08,4,4
HEWG,4,4,2015-06-19,2017-04-13,4,4
HIE,4,4,2018-10-29,2020-03-19,1,1
SCHV,4,4,2012-09-21,2016-10-04,4,4
PTM,4,4,2011-04-30,2013-08-30,4,4
HOVNP,4,4,2018-07-26,2019-11-04,4,4
PSCF,4,4,2013-01-04,2020-03-04,3,3
UNL,4,4,2012-07-16,2018-11-15,4,4
PNF,4,4,2011-05-25,2020-03-19,3,3
VXZ,4,3,2012-03-22,2018-10-10,4,3
CFRXW,4,4,2015-08-17,2016-11-17,4,4
MHI,4,4,2018-10-11,2020-03-19,2,2
FAV,4,4,2011-07-12,2014-07-10,4,4
VRTB,4,3,2012-12-24,2017-03-08,4,3
PNI,4,4,2011-05-25,2020-03-19,3,3
IWV,4,4,2012-06-07,2020-06-08,3,3
NRO,4,4,2011-10-14,2018-12-19,4,4
IUSB,4,4,2015-11-10,2020-01-09,4,4
JGBD,4,4,2011-11-14,2013-05-27,4,4
HYXU,4,4,2012-05-31,2019-07-16,4,4
EMCG,4,4,2015-08-26,2016-10-04,4,4
SLYG,4,4,2011-10-26,2013-07-15,4,4
VRP,4,4,2015-08-21,2016-10-17,4,4
ESR,4,4,2011-04-28,2012-10-09,4,4
JGBT,4,4,2011-11-14,2016-02-10,4,4
PRB,4,4,2011-07-19,2016-06-29,4,4
PML,4,4,2014-12-22,2020-03-19,2,2
CROP,4,4,2011-07-05,2012-05-14,4,4
SDOW,4,4,2012-08-15,2020-03-23,3,3
PSCI,4,4,2012-05-22,2019-10-31,4,4
FSZ,4,4,2012-09-28,2015-10-19,4,4
FLOT,4,4,2012-07-31,2017-03-02,4,4
FUE,4,4,2011-05-07,2017-08-03,4,4
PGAL,4,4,2014-07-10,2020-03-02,3,3
LVL,4,4,2011-08-19,2013-04-25,4,4
EEMA,4,4,2013-09-11,2017-09-13,4,4
CLAC,4,3,2015-03-10,2017-06-13,4,3
FTSL,4,4,2013-05-10,2019-01-07,4,4
CHIE,4,4,2012-05-08,2019-11-06,4,4
RWL,4,4,2015-09-09,2017-07-17,4,4
GNMA,4,4,2012-11-15,2018-02-27,4,4
KME,4,4,2011-08-10,2013-09-19,4,4
PFI,4,4,2011-08-09,2017-04-17,4,4
PBD,4,4,2012-08-22,2013-10-07,4,4
LTPZ,4,4,2011-08-03,2017-12-26,4,4
TDTT,4,4,2012-07-12,2013-04-23,4,4
DBS,4,3,2011-05-15,2013-09-18,4,3
SZO,4,4,2011-05-02,2014-10-20,4,4
IJJ,4,4,2012-03-22,2017-03-28,4,4
KMM,4,4,2016-09-21,2018-10-03,4,4
ISTB,4,4,2016-10-05,2017-08-02,4,4
BFOR,4,4,2013-08-06,2019-03-19,4,4
FLN,4,4,2011-08-09,2016-10-07,4,4
DXKW,4,4,2015-10-20,2016-09-26,4,4
SPYV,4,4,2017-10-17,2019-02-25,4,4
DBUK,4,4,2016-06-21,2016-08-15,4,4
DEE,4,4,2011-06-13,2012-06-13,4,4
LVNTB,4,4,2014-07-30,2017-04-04,4,4
PZA,4,4,2012-10-31,2016-06-29,4,4
YAO,4,4,2012-02-14,2013-06-20,4,4
PHF,4,4,2011-12-12,2016-10-24,4,4
GIM,4,4,2014-09-02,2020-03-12,2,2
SNLN,4,4,2012-12-07,2017-09-13,4,4
FMY,4,4,2018-08-02,2020-03-09,3,3
DBEZ,4,4,2015-08-12,2019-11-05,4,4
JSC,4,4,2012-11-15,2016-08-03,4,4
SSLT,4,4,2014-05-19,2015-02-19,4,4
MZZ,4,4,2011-06-12,2011-09-09,4,4
GQRE,4,4,2015-12-01,2019-10-08,4,4
QVCB,4,4,2014-10-20,2017-07-06,4,4
TILT,4,4,2012-07-12,2012-10-05,4,4
XHS,4,4,2013-03-25,2016-08-17,4,4
NBO,4,4,2018-09-26,2018-10-11,4,4
EEHB,4,4,2012-09-20,2013-09-11,4,4
CHOC,4,3,2011-11-30,2015-02-10,4,3
TIPZ,4,4,2011-08-03,2017-12-26,4,4
GGAC,4,3,2015-08-27,2016-06-17,4,3
DGT,3,3,2011-08-11,2012-11-13,3,3
PZT,3,3,2016-06-29,2017-10-09,3,3
MDYV,3,3,2016-04-05,2019-09-12,3,3
CXA,3,3,2011-08-03,2016-08-20,3,3
FUTY,3,3,2016-03-01,2016-05-25,3,3
GMM,3,3,2012-12-05,2017-05-19,3,3
PWC,3,3,2012-05-08,2014-10-28,3,3
UWM,3,3,2011-09-29,2017-06-27,3,3
EWSS,3,3,2012-03-01,2012-09-27,3,3
PSAU,3,3,2011-05-13,2013-09-17,3,3
HIX,3,3,2018-11-21,2020-03-19,1,1
JGBL,3,3,2011-11-14,2016-02-10,3,3
FNCL,3,3,2016-05-05,2018-03-06,3,3
IUSG,3,3,2017-02-13,2018-01-05,3,3
FNDA,3,3,2017-03-20,2019-11-25,3,3
EXI,3,3,2011-05-25,2012-10-17,3,3
IJS,3,3,2013-06-28,2017-01-09,3,3
DYY,3,3,2011-06-22,2013-09-11,3,3
PCF,3,3,2020-01-15,2020-03-19,2,2
AGOL,3,3,2011-05-02,2011-09-13,3,3
IFV,3,3,2015-10-19,2018-05-16,3,3
DIVY,3,3,2014-12-18,2018-11-05,3,3
SPXX,3,3,2020-02-19,2020-03-12,1,1
GOODN,3,3,2019-10-14,2019-10-25,3,3
VOE,3,3,2012-03-28,2013-04-15,3,3
KCNY,3,3,2016-03-21,2019-10-28,3,3
MFV,3,3,2018-07-20,2019-12-11,3,3
KCC,3,3,2011-08-22,2012-02-07,3,3
MGK,3,3,2015-12-22,2020-05-06,2,2
MGV,3,3,2012-11-13,2016-12-23,3,3
LCM,3,3,2011-06-01,2018-08-16,3,3
VBF,3,3,2018-10-08,2020-03-19,2,2
JJU,3,3,2012-10-22,2015-03-09,3,3
MGR,3,1,2019-10-23,2019-10-23,3,1
JJN,3,3,2011-09-07,2015-11-24,3,3
PGZ,3,3,2015-01-29,2020-03-12,2,2
ADRE,3,3,2012-10-24,2017-11-14,3,3
SGDM,3,3,2016-04-25,2020-05-19,2,2
JKH,3,3,2011-10-20,2013-02-15,3,3
IWS,3,3,2012-03-28,2020-01-22,3,3
KBWY,3,3,2016-06-14,2016-06-23,3,3
VONV,3,3,2012-12-24,2020-01-22,3,3
VGIT,3,3,2012-12-24,2018-09-18,3,3
CRBN,3,3,2016-09-09,2020-01-15,3,3
CBS,3,3,2015-02-12,2019-08-09,3,3
LEVYU,3,3,2014-01-02,2017-02-13,3,3
PXQ,3,3,2011-09-14,2015-08-30,3,3
EVX,3,3,2011-06-10,2013-06-20,3,3
STPZ,3,3,2012-02-16,2017-12-26,3,3
IPAC,3,3,2015-11-10,2017-07-28,3,3
BZM,3,3,2018-08-06,2019-12-10,3,3
EMEY,3,3,2012-12-31,2013-09-05,3,3
QGBR,3,3,2016-06-21,2016-07-19,3,3
FPE,3,3,2015-09-15,2017-08-25,3,3
GRR,3,3,2013-12-27,2018-04-03,3,3
VTWO,3,3,2012-12-24,2016-03-09,3,3
FXSG,3,3,2013-02-19,2013-05-29,3,3
DLBL,3,3,2011-08-03,2016-07-13,3,3
WBII,3,3,2015-09-03,2016-02-18,3,3
TVIZ,3,3,2017-03-09,2018-05-31,3,3
SLY,3,3,2012-08-14,2017-01-31,3,3
LWC,3,3,2011-08-03,2012-11-21,3,3
KORU,3,3,2013-05-01,2019-03-18,3,3
INKM,3,3,2012-07-26,2013-08-23,3,3
ARKQ,3,3,2019-09-09,2020-04-29,2,2
DXJF,3,3,2016-05-16,2018-01-04,3,3
TAGS,3,3,2012-07-16,2014-07-10,3,3
XOVR,3,3,2012-06-18,2013-08-29,3,3
JPNL,3,3,2013-07-02,2019-02-06,3,3
UMX,3,3,2013-04-10,2017-03-03,3,3
NXN,3,3,2012-10-26,2018-11-20,3,3
SMK,3,3,2013-04-10,2017-03-03,3,3
DSLV,3,3,2015-11-12,2017-08-16,3,3
SYLD,3,3,2013-06-26,2016-07-15,3,3
FINZ,3,3,2012-07-12,2016-07-26,3,3
WPS,3,3,2011-06-30,2013-05-21,3,3
DEW,3,3,2012-05-09,2012-11-07,3,3
CLY,3,3,2013-09-25,2020-04-17,2,2
NYMTP,3,3,2019-09-09,2019-09-17,3,3
CEMB,3,3,2012-06-18,2013-02-25,3,3
RXI,3,3,2012-04-24,2019-12-06,3,3
UDOW,3,3,2012-01-25,2017-06-27,3,3
ITLY,3,3,2011-11-16,2012-06-25,3,3
IYY,3,3,2011-10-12,2012-07-13,3,3
EQAL,3,3,2015-09-29,2015-11-09,3,3
CTV,3,3,2011-07-01,2017-04-21,3,3
ISL,3,3,2016-06-21,2018-04-12,3,3
QDYN,3,3,2012-12-24,2013-07-03,3,3
SCJ,3,3,2011-05-02,2013-06-24,3,3
JUNR,3,3,2013-05-03,2015-09-26,3,3
UCI,3,3,2011-05-26,2011-07-13,3,3
TAS,3,3,2012-03-28,2015-02-03,3,3
CELGZ,3,2,2012-09-25,2012-11-12,3,2
FDIS,3,3,2016-06-29,2020-04-30,2,2
FGM,3,3,2012-06-26,2015-10-19,3,3
VZA,3,3,2018-10-02,2018-10-04,3,3
RQI,3,3,2020-03-12,2020-05-21,0,0
DDM,3,3,2011-11-07,2012-08-15,3,3
SBRAP,3,3,2017-05-08,2017-09-19,3,3
RPX,3,3,2012-02-15,2016-05-24,3,3
BLV,3,3,2011-08-03,2020-02-24,3,3
HDRA,3,3,2015-08-17,2016-10-21,3,3
IRDMZ,3,3,2012-03-27,2013-01-02,3,3
IGM,3,3,2012-04-03,2013-07-11,3,3
IXUS,3,3,2016-10-05,2018-04-13,3,3
MMV,3,3,2011-09-29,2018-10-12,3,3
FLTB,3,3,2012-03-13,2018-04-03,3,3
MCRO,3,3,2011-09-23,2012-08-08,3,3
PFM,3,3,2012-08-02,2013-03-25,3,3
CZA,3,3,2011-08-26,2012-02-15,3,3
IF,3,3,2011-10-07,2018-02-14,3,3
FLTR,3,3,2011-06-17,2012-08-15,3,3
STRZB,3,3,2015-02-23,2016-06-30,3,3
ARKG,3,3,2015-02-17,2020-05-26,1,1
BLVD,3,2,2017-08-16,2017-11-15,3,2
EUM,2,2,2011-06-13,2011-10-03,2,2
VLU,2,2,2012-12-31,2016-05-18,2,2
MLPJ,2,2,2013-01-15,2013-08-07,2,2
CBA,2,2,2015-06-17,2016-02-17,2,2
EUFX,2,2,2015-11-19,2016-07-19,2,2
DTYL,2,2,2011-08-03,2011-12-10,2,2
HUB,2,2,2011-09-13,2011-10-20,2,2
PARN,2,2,2014-05-21,2016-04-01,2,2
JJA,2,2,2011-06-17,2015-12-18,2,2
SCHC,2,2,2012-09-21,2019-05-18,2,2
WHLRP,2,1,2018-12-21,2018-12-21,2,1
BICK,2,2,2013-01-17,2013-11-20,2,2
ITE,2,2,2016-01-22,2019-04-04,2,2
ENGN,2,1,2012-05-21,2012-05-21,2,1
HTR,2,2,2012-08-15,2012-09-06,2,2
QWLD,2,2,2016-08-08,2016-08-15,2,2
EUDG,2,2,2016-03-23,2017-04-17,2,2
MIDZ,2,2,2017-04-28,2018-10-29,2,2
GGE,2,2,2011-08-01,2012-12-03,2,2
GALTU,2,2,2012-09-18,2013-01-16,2,2
NMO,2,2,2012-03-26,2012-04-16,2,2
IPD,2,2,2011-07-03,2012-09-05,2,2
CKX,2,2,2011-06-28,2014-01-29,2,2
MYY,2,2,2011-08-24,2011-10-12,2,2
TBAR,2,2,2011-08-11,2014-08-13,2,2
DPU,2,2,2011-12-21,2012-02-09,2,2
PXLG,2,2,2014-12-22,2017-05-17,2,2
TDV,2,2,2019-11-08,2020-02-10,2,2
TDTF,2,2,2012-07-12,2012-08-20,2,2
GGOV,2,2,2016-02-26,2016-06-14,2,2
CMBS,2,2,2013-07-16,2013-09-06,2,2
TDA,2,2,2012-12-06,2018-10-24,2,2
RPRXZ,2,2,2013-01-08,2013-01-09,2,2
GAINO,2,2,2018-08-15,2018-08-17,2,2
AGF,2,2,2012-02-09,2012-08-20,2,2
EUMV,2,2,2015-11-03,2016-01-25,2,2
IPK,2,2,2011-09-14,2013-09-18,2,2
IBLN,2,2,2015-05-24,2016-08-15,2,2
IQDY,2,2,2013-04-18,2013-05-10,2,2
GMF,2,2,2011-07-07,2012-10-11,2,2
GMFS,2,2,2012-09-27,2013-05-10,2,2
KRU,2,2,2013-07-08,2013-09-19,2,2
FTT,2,2,2013-03-11,2015-10-12,2,2
FUD,2,2,2011-07-25,2011-08-19,2,2
JFC,2,2,2012-03-01,2012-10-23,2,2
GHI,2,2,2012-09-14,2012-12-10,2,2
SZC,2,2,2020-02-27,2020-02-28,0,0
PXMG,2,2,2019-03-11,2019-04-12,2,2
EMJ,2,2,2018-10-11,2018-10-12,2,2
TFSCU,2,1,2014-07-16,2014-07-16,2,1
BPFHW,2,2,2012-10-15,2013-06-03,2,2
AFC,2,2,2011-07-27,2011-08-11,2,2
TFG,2,2,2011-07-12,2011-08-19,2,2
PDN,2,2,2012-11-28,2017-07-24,2,2
PGM,2,2,2011-11-30,2011-12-15,2,2
SCPB,2,2,2012-07-20,2015-10-12,2,2
JGBS,2,2,2011-11-14,2012-08-20,2,2
RTR,2,2,2011-09-13,2014-05-30,2,2
GMOM,2,2,2018-09-18,2019-04-01,2,2
LBF,2,2,2011-06-09,2016-09-21,2,2
FFR,2,2,2012-02-23,2012-03-09,2,2
XGTIW,2,2,2017-07-05,2018-06-26,2,2
RIGS,2,1,2019-11-01,2019-11-01,2,1
FLM,2,2,2011-07-07,2014-08-13,2,2
CFP,2,2,2012-06-25,2014-12-16,2,2
BDCL,2,2,2012-10-04,2014-08-25,2,2
LSC,2,2,2011-08-04,2011-11-23,2,2
EMAG,2,2,2018-06-11,2019-03-05,2,2
EMBB,2,2,2014-04-22,2016-08-03,2,2
ISF,2,2,2018-10-02,2018-10-04,2,2
GVAL,2,2,2015-08-25,2017-10-11,2,2
SLQD,2,2,2016-06-17,2018-02-14,2,2
GULTU,2,2,2014-12-24,2015-02-20,2,2
RWW,2,2,2015-03-01,2015-09-09,2,2
URE,2,2,2017-06-27,2019-08-06,2,2
DXB,2,1,2018-11-30,2018-11-30,2,1
TRTL,2,2,2016-11-21,2016-12-09,2,2
IVOP,2,2,2012-03-04,2012-05-02,2,2
FMK,2,2,2012-01-25,2012-11-12,2,2
EFV,2,2,2012-03-14,2017-09-06,2,2
EMCR,2,2,2012-10-17,2017-05-10,2,2
QLTB,2,2,2012-10-11,2013-08-29,2,2
ILTB,2,2,2013-05-28,2016-10-05,2,2
JPGE,2,2,2015-09-30,2015-10-15,2,2
USFR,2,2,2016-02-19,2017-03-08,2,2
CFD,2,2,2016-09-16,2016-12-09,2,2
USLV,2,2,2015-10-06,2016-04-02,2,2
FNDF,2,2,2018-10-01,2019-10-14,2,2
UMDD,2,2,2012-03-26,2013-05-26,2,2
AMPS,2,2,2012-05-21,2012-07-02,2,2
GTAA,2,2,2011-05-23,2013-04-12,2,2
FLAT,2,2,2011-12-10,2012-03-28,2,2
CCV,2,2,2014-11-17,2015-03-12,2,2
ALTV,2,2,2014-08-11,2014-08-12,2,2
FEU,2,2,2012-10-05,2019-09-23,2,2
IYLD,2,2,2012-05-22,2013-08-23,2,2
BUNL,2,2,2011-11-16,2016-06-14,2,2
FEP,2,2,2013-02-05,2017-06-12,2,2
AUMAU,2,1,2014-10-02,2014-10-02,2,1
BUNT,2,2,2015-12-31,2016-06-14,2,2
UBG,2,2,2011-07-19,2011-07-25,2,2
CTF,2,2,2016-09-16,2016-12-09,2,2
PWZ,2,2,2016-06-29,2016-08-20,2,2
ISG,2,2,2018-10-03,2018-10-04,2,2
FINU,2,2,2012-07-12,2016-07-26,2,2
UCD,2,2,2011-07-13,2011-07-20,2,2
OGCP,2,2,2018-11-21,2019-01-02,2,2
CCXE,2,2,2011-09-13,2012-06-28,2,2
RIT,2,2,2012-08-13,2015-10-23,2,2
QEFA,2,2,2016-08-15,2017-06-28,2,2
SMDD,2,2,2011-08-24,2012-04-25,2,2
UGE,2,2,2012-04-24,2013-05-26,2,2
FCOR,2,2,2018-04-03,2018-06-15,2,2
SLYV,2,2,2011-11-21,2012-01-30,2,2
TTFS,2,2,2016-04-21,2016-09-29,2,2
TTF,2,2,2013-06-25,2017-12-14,2,2
DGL,2,2,2011-06-10,2011-08-11,2,2
JPEM,2,2,2015-09-30,2017-02-27,2,2
USCI,2,2,2011-07-19,2018-05-04,2,2
GSP,2,2,2011-06-06,2011-09-09,2,2
QVAL,2,2,2015-12-24,2019-09-16,2,2
AXJL,2,2,2012-06-22,2012-10-11,2,2
JKL,2,2,2011-11-21,2013-09-25,2,2
TNDQ,2,2,2012-03-29,2014-08-13,2,2
NFRA,2,2,2015-12-01,2017-08-28,2,2
JKK,2,2,2011-11-22,2011-12-06,2,2
PXSV,2,2,2013-03-20,2013-03-21,2,2
HSEA,2,2,2018-04-19,2018-05-04,2,2
MSP,2,2,2011-12-12,2012-02-16,2,2
GRF,2,2,2013-09-24,2018-11-23,2,2
EMFM,2,2,2014-04-22,2017-06-19,2,2
JKI,2,2,2011-08-26,2012-02-15,2,2
SGYPW,2,2,2012-12-26,2013-04-10,2,2
NPP,2,2,2011-12-12,2012-01-05,2,2
LLSC,2,2,2015-01-14,2018-01-08,2,2
ADRA,2,2,2013-05-07,2013-08-14,2,2
PAF,2,2,2012-10-11,2012-11-28,2,2
PAGG,2,2,2011-09-16,2014-10-08,2,2
PXSC,2,2,2013-03-05,2013-03-20,2,2
INY,2,2,2016-08-03,2016-08-20,2,2
JJP,2,2,2011-07-25,2012-10-02,2,2
EVJ,2,2,2018-10-11,2018-10-12,2,2
PHDG,2,2,2012-08-17,2012-12-03,2,2
BJZ,2,2,2013-07-11,2018-12-12,2,2
EVAL,2,2,2013-09-23,2013-09-25,2,2
PXR,2,2,2011-05-16,2011-05-31,2,2
EUSA,2,2,2013-07-18,2013-09-23,2,2
EWHS,2,2,2012-08-29,2013-01-25,2,2
FRI,2,2,2012-08-21,2015-09-25,2,2
MDYG,2,2,2017-08-17,2019-09-12,2,2
TRF,2,2,2011-09-29,2011-12-12,2,2
GSC,2,2,2011-08-04,2015-06-09,2,2
KBWC,2,2,2012-10-08,2013-07-05,2,2
ITR,2,2,2016-06-03,2017-02-28,2,2
CRBQ,2,2,2011-12-14,2012-04-18,2,2
PICB,2,2,2011-06-09,2012-03-20,2,2
SPPP,2,2,2018-08-16,2019-01-08,2,2
SIJ,2,2,2011-11-15,2020-03-06,1,1
BWZ,2,2,2011-08-31,2011-09-20,2,2
RWO,2,2,2011-06-30,2012-12-24,2,2
IDOG,2,2,2020-01-03,2020-01-23,2,2
GRU,2,2,2012-08-20,2015-06-27,2,2
EMQ,1,1,2016-01-14,2016-01-14,1,1
IVAL,1,1,2015-12-24,2015-12-24,1,1
AEB,1,1,2013-10-01,2013-10-01,1,1
XXV,1,1,2018-02-06,2018-02-06,1,1
ZIONW,1,1,2013-01-14,2013-01-14,1,1
DXJR,1,1,2016-03-08,2016-03-08,1,1
EGRW,1,1,2013-03-08,2013-03-08,1,1
WIP,1,1,2011-05-22,2011-05-22,1,1
DVP,1,1,2020-06-08,2020-06-08,0,0
ADRD,1,1,2013-03-05,2013-03-05,1,1
COMT,1,1,2014-10-16,2014-10-16,1,1
ZMLP,1,1,2015-11-16,2015-11-16,1,1
CBON,1,1,2016-03-21,2016-03-21,1,1
QTWN,1,1,2016-10-17,2016-10-17,1,1
EMDI,1,1,2012-12-31,2012-12-31,1,1
ADZ,1,1,2012-02-09,2012-02-09,1,1
YMLI,1,1,2013-07-08,2013-07-08,1,1
DWM,1,1,2012-03-14,2012-03-14,1,1
WIL,1,1,2015-01-06,2015-01-06,1,1
YYY,1,1,2017-08-31,2017-08-31,1,1
EEML,1,1,2012-11-01,2012-11-01,1,1
ACCU,1,1,2013-09-03,2013-09-03,1,1
ITLT,1,1,2012-06-12,2012-06-12,1,1
MLPL,1,1,2011-12-10,2011-12-10,1,1
NGHCP,1,1,2018-12-12,2018-12-12,1,1
DWAT,1,1,2015-03-03,2015-03-03,1,1
MZF,1,1,2012-08-29,2012-08-29,1,1
ECNS,1,1,2012-10-08,2012-10-08,1,1
MONY,1,1,2012-11-15,2012-11-15,1,1
EMSA,1,1,2011-08-11,2011-08-11,1,1
EEME,1,1,2012-05-28,2012-05-28,1,1
QXUS,1,1,2015-09-04,2015-09-04,1,1
RAVI,1,1,2015-09-08,2015-09-08,1,1
DXJS,1,1,2016-12-06,2016-12-06,1,1
MRGR,1,1,2013-02-15,2013-02-15,1,1
CDC,1,1,2011-10-10,2011-10-10,1,1
RDVY,1,1,2019-07-18,2019-07-18,1,1
ISP,1,1,2011-06-01,2011-06-01,1,1
QYLD,1,1,2020-01-29,2020-01-29,1,1
IMLP,1,1,2013-01-15,2013-01-15,1,1
WEET,1,1,2012-08-20,2012-08-20,1,1
CWI,1,1,2014-10-06,2014-10-06,1,1
KHI,1,1,2016-02-26,2016-02-26,1,1
BNJ,1,1,2018-05-25,2018-05-25,1,1
SUB,1,1,2012-06-05,2012-06-05,1,1
PFIG,1,1,2013-05-09,2013-05-09,1,1
IFGL,1,1,2011-09-13,2011-09-13,1,1
PFK,1,1,2011-06-16,2011-06-16,1,1
KFI,1,1,2017-04-06,2017-04-06,1,1
KFH,1,1,2016-10-25,2016-10-25,1,1
IEI,1,1,2015-08-26,2015-08-26,1,1
STIP,1,1,2012-12-07,2012-12-07,1,1
PVI,1,1,2016-11-08,2016-11-08,1,1
WDIV,1,1,2013-09-20,2013-09-20,1,1
GOVT,1,1,2015-12-06,2015-12-06,1,1
RVNU,1,1,2016-01-05,2016-01-05,1,1
GRI,1,1,2011-11-21,2011-11-21,1,1
KBWI,1,1,2012-10-01,2012-10-01,1,1
RWM,1,1,2011-09-29,2011-09-29,1,1
KBWD,1,1,2013-04-01,2013-04-01,1,1
SPPRO,1,1,2015-04-07,2015-04-07,1,1
ATMP,1,1,2015-04-02,2015-04-02,1,1
GSY,1,1,2016-02-10,2016-02-10,1,1
RWV,1,1,2013-03-05,2013-03-05,1,1
GEUR,1,1,2015-07-10,2015-07-10,1,1
IGE,1,1,2014-05-08,2014-05-08,1,1
SYE,1,1,2015-06-02,2015-06-02,1,1
SYG,1,1,2016-06-27,2016-06-27,1,1
PXMC,1,1,2013-07-16,2013-07-16,1,1
FWDB,1,1,2012-04-19,2012-04-19,1,1
RORO,1,1,2016-08-03,2016-08-03,1,1
PCEF,1,1,2013-06-21,2013-06-21,1,1
PXLV,1,1,2016-09-21,2016-09-21,1,1
DBAW,1,1,2016-01-05,2016-01-05,1,1
IGU,1,1,2012-08-20,2012-08-20,1,1
RPRXW,1,1,2013-01-14,2013-01-14,1,1
TDI,1,1,2012-03-27,2012-03-27,1,1
TDD,1,1,2019-08-13,2019-08-13,1,1
FYC,1,1,2018-05-16,2018-05-16,1,1
FYLD,1,1,2016-07-15,2016-07-15,1,1
TCHI,1,1,2012-04-20,2012-04-20,1,1
GAA,1,1,2017-05-25,2017-05-25,1,1
TCCA,1,1,2018-04-04,2018-04-04,1,1
GAL,1,1,2016-01-22,2016-01-22,1,1
KST,1,1,2016-09-21,2016-09-21,1,1
IGHG,1,1,2018-10-30,2018-10-30,1,1
GCVRZ,1,1,2014-04-07,2014-04-07,1,1
GDAY,1,1,2013-06-07,2013-06-07,1,1
GDF,1,1,2016-08-15,2016-08-15,1,1
GURX,1,1,2015-09-26,2015-09-26,1,1
GVI,1,1,2016-12-01,2016-12-01,1,1
GWL,1,1,2013-04-26,2013-04-26,1,1
ICI,1,1,2011-05-17,2011-05-17,1,1
AXJS,1,1,2012-09-27,2012-09-27,1,1
SHM,1,1,2016-03-23,2016-03-23,1,1
ICB,1,1,2013-04-09,2013-04-09,1,1
SGYPU,1,1,2012-09-10,2012-09-10,1,1
JBR,1,1,2013-03-12,2013-03-12,1,1
JKG,1,1,2011-09-09,2011-09-09,1,1
JKF,1,1,2011-05-13,2011-05-13,1,1
HSPX,1,1,2013-08-06,2013-08-06,1,1
JJT,1,1,2015-04-18,2015-04-18,1,1
HTF,1,1,2012-03-27,2012-03-27,1,1
JJM,1,1,2012-03-19,2012-03-19,1,1
SGAR,1,1,2017-06-07,2017-06-07,1,1
SFLA,1,1,2012-03-04,2012-03-04,1,1
SFB,1,1,2018-05-16,2018-05-16,1,1
IBND,1,1,2011-09-15,2011-09-15,1,1
PRY,1,1,2015-04-16,2015-04-16,1,1
HYHG,1,1,2015-12-10,2015-12-10,1,1
HYLS,1,1,2016-03-02,2016-03-02,1,1
HYND,1,1,2016-11-23,2016-11-23,1,1
CRDT,1,1,2015-12-22,2015-12-22,1,1
IBCC,1,1,2015-09-03,2015-09-03,1,1
SAGG,1,1,2015-09-16,2015-09-16,1,1
HOTRW,1,1,2012-09-11,2012-09-11,1,1
RWXL,1,1,2013-09-19,2013-09-19,1,1
CSM,1,1,2011-05-03,2011-05-03,1,1
GWX,1,1,2011-07-06,2011-07-06,1,1
JXI,1,1,2012-10-26,2012-10-26,1,1
GYEN,1,1,2015-07-10,2015-07-10,1,1
BLVDU,1,1,2015-09-22,2015-09-22,1,1
HAWKB,1,1,2015-02-27,2015-02-27,1,1
JTP,1,1,2014-04-14,2014-04-14,1,1
AUMA,1,1,2016-10-06,2016-10-06,1,1
PLW,1,1,2012-12-18,2012-12-18,1,1
CTNN,1,1,2012-07-18,2012-07-18,1,1
SMLV,1,1,2015-09-04,2015-09-04,1,1
SMLL,1,1,2019-08-02,2019-08-02,1,1
SMEZ,1,1,2015-06-04,2015-06-04,1,1
SMACU,1,1,2014-08-08,2014-08-08,1,1
BLJ,1,1,2018-05-25,2018-05-25,1,1
IDHQ,1,1,2012-11-28,2012-11-28,1,1
JPMV,1,1,2016-10-19,2016-10-19,1,1
HGH,1,1,2015-05-18,2015-05-18,1,1
RYJ,1,1,2012-01-26,2012-01-26,1,1
HIPS,1,1,2017-12-18,2017-12-18,1,1
HKOR,1,1,2015-08-24,2015-08-24,1,1
SAA,1,1,2011-09-13,2011-09-13,1,1
FTSM,1,1,2019-01-07,2019-01-07,1,1
ROIQW,1,1,2013-05-02,2013-05-02,1,1
FTLS,1,1,2017-03-20,2017-03-20,1,1
DKT,1,1,2018-11-30,2018-11-30,1,1
VIEW,1,1,2015-01-12,2015-01-12,1,1
VGSH,1,1,2012-12-24,2012-12-24,1,1
QKOR,1,1,2016-10-17,2016-10-17,1,1
VEGA,1,1,2013-09-24,2013-09-24,1,1
EWCS,1,1,2012-09-27,2012-09-27,1,1
VCF,1,1,2014-12-01,2014-12-01,1,1
DIVI,1,1,2016-12-16,2016-12-16,1,1
CFA,1,1,2016-07-27,2016-07-27,1,1
BDD,1,1,2011-05-25,2011-05-25,1,1
USMI,1,1,2012-06-18,2012-06-18,1,1
QEMM,1,1,2016-05-09,2016-05-09,1,1
FAB,1,1,2012-04-02,2012-04-02,1,1
USAG,1,1,2017-07-06,2017-07-06,1,1
QEM,1,1,2015-09-04,2015-09-04,1,1
UPW,1,1,2011-12-10,2011-12-10,1,1
MCV,1,1,2018-08-10,2018-08-10,1,1
FBND,1,1,2018-04-03,2018-04-03,1,1
NVX,1,1,2016-08-15,2016-08-15,1,1
CFO,1,1,2016-10-31,2016-10-31,1,1
QEH,1,1,2012-08-07,2012-08-07,1,1
CFRXZ,1,1,2015-08-17,2015-08-17,1,1
VIOG,1,1,2013-06-10,2013-06-10,1,1
CADT,1,1,2016-07-11,2016-07-11,1,1
NXTDW,1,1,2014-11-10,2014-11-10,1,1
QLTC,1,1,2012-05-31,2012-05-31,1,1
AFA,1,1,2016-06-29,2016-06-29,1,1
QQXT,1,1,2012-07-09,2012-07-09,1,1
WBIH,1,1,2015-09-10,2015-09-10,1,1
MINC,1,1,2013-06-26,2013-06-26,1,1
IPU,1,1,2011-09-12,2011-09-12,1,1
AGC,1,1,2019-08-06,2019-08-06,1,1
IPKW,1,1,2016-05-05,2016-05-05,1,1
DOD,1,1,2012-10-23,2012-10-23,1,1
VTWV,1,1,2012-12-24,2012-12-24,1,1
VTWG,1,1,2019-11-14,2019-11-14,1,1
MIDU,1,1,2017-04-28,2017-04-28,1,1
MHNC,1,1,2019-01-09,2019-01-09,1,1
VTHR,1,1,2012-12-24,2012-12-24,1,1
AGNCB,1,1,2018-10-04,2018-10-04,1,1
AGND,1,1,2016-11-23,2016-11-23,1,1
IPB,1,1,2012-09-11,2012-09-11,1,1
VRD,1,1,2012-08-07,2012-08-07,1,1
VOOV,1,1,2018-04-02,2018-04-02,1,1
VOOG,1,1,2019-11-14,2019-11-14,1,1
RFT,1,1,2018-05-11,2018-05-11,1,1
RFV,1,1,2017-03-07,2017-03-07,1,1
UJB,1,1,2012-08-20,2012-08-20,1,1
MBG,1,1,2019-04-04,2019-04-04,1,1
ROIQU,1,1,2013-05-02,2013-05-02,1,1
BSCL,1,1,2019-01-29,2019-01-29,1,1
FNK,1,1,2017-11-02,2017-11-02,1,1
BSCG,1,1,2016-09-15,2016-09-15,1,1
LMBS,1,1,2019-01-07,2019-01-07,1,1
FNX,1,1,2012-12-13,2012-12-13,1,1
FOIL,1,1,2011-09-21,2011-09-21,1,1
IJNK,1,1,2016-08-03,2016-08-03,1,1
DCA,1,1,2016-09-27,2016-09-27,1,1
FORX,1,1,2013-03-14,2013-03-14,1,1
OSM,1,1,2011-11-01,2011-11-01,1,1
TOLZ,1,1,2015-02-12,2015-02-12,1,1
LLEM,1,1,2015-01-14,2015-01-14,1,1
LLDM,1,1,2015-01-14,2015-01-14,1,1
FPT,1,1,2014-06-19,2014-06-19,1,1
AOK,1,1,2012-04-16,2012-04-16,1,1
LEVY,1,1,2015-03-12,2015-03-12,1,1
TLL,1,1,2011-09-20,2011-09-20,1,1
CIU,1,1,2016-07-18,2016-07-18,1,1
LD,1,1,2018-10-29,2018-10-29,1,1
TIPX,1,1,2016-12-07,2016-12-07,1,1
FTA,1,1,2013-03-15,2013-03-15,1,1
FTCS,1,1,2019-03-07,2019-03-07,1,1
FNDX,1,1,2016-03-07,2016-03-07,1,1
BSCM,1,1,2015-05-18,2015-05-18,1,1
NYF,1,1,2016-08-20,2016-08-20,1,1
TRND,1,1,2014-08-13,2014-08-13,1,1
FDI,1,1,2013-03-11,2013-03-11,1,1
FDM,1,1,2013-07-26,2013-07-26,1,1
FDTS,1,1,2012-09-27,2012-09-27,1,1
FEMS,1,1,2017-08-07,2017-08-07,1,1
RJI,1,1,2011-06-17,2011-06-17,1,1
RJZ,1,1,2012-10-02,2012-10-02,1,1
QDXU,1,1,2015-09-04,2015-09-04,1,1
QDEM,1,1,2015-09-04,2015-09-04,1,1
FHK,1,1,2013-01-25,2013-01-25,1,1
FIDU,1,1,2016-11-16,2016-11-16,1,1
RLY,1,1,2016-08-25,2016-08-25,1,1
FJP,1,1,2013-05-07,2013-05-07,1,1
OLEM,1,1,2013-09-23,2013-09-23,1,1
OLO,1,1,2014-10-20,2014-10-20,1,1
BHL,1,1,2015-06-05,2015-06-05,1,1
DDG,1,1,2011-08-22,2011-08-22,1,1
CHNA,1,1,2018-08-16,2018-08-16,1,1
ONEF,1,1,2012-08-20,2012-08-20,1,1
ONEQ,1,1,2015-10-29,2015-10-29,1,1
TROVW,1,1,2013-01-16,2013-01-16,1,1
TROVU,1,1,2012-12-19,2012-12-19,1,1
IUSV,1,1,2015-11-10,2015-11-10,1,1
